SET NAMES utf8;
SET time_zone = '+00:00';
SET foreign_key_checks = 0;
SET sql_mode = 'NO_AUTO_VALUE_ON_ZERO';

USE `imongr`;

INSERT INTO `registry` (`id`, `name`, `full_name`) VALUES
(1,	'hjerneslag',	'Norsk hjerneslagregister'),
(2,	'hjerteinfarkt',	'Norsk hjerteinfarktregister'),
(3,	'hoftebrudd',	'Nasjonalt hoftebruddregister'),
(4,	'intensiv',	'Norsk intensiv- og pandemiregister'),
(5,	'lymfoid',	'Nasjonalt kvalitetsregister for lymfoide maligniteter'),
(6,	'muskel',	'Norsk register for arvelige og medfødte nevromuskulære sykdommer'),
(7,	'nger',	'Norsk gynekologisk endoskopiregister'),
(8,	'nkr_nakke',	'Nasjonalt kvalitetsregister for ryggkirurgi'),
(9,	'nnrr',	'Norsk nakke- og ryggregister'),
(10,	'norgast',	'Norsk register for gastrokirurgi (NoRGast)'),
(11,	'noric',	'Norsk register for invasiv kardiologi (NORIC)'),
(12,	'norkar',	'Norsk karkirurgisk register - NORKAR'),
(13,	'norvas',	'Norsk vaskulittregister & biobank (NorVas)'),
(14,	'nra',	'Norsk register for analinkontinens'),
(15,	'rygg',	'Nasjonalt kvalitetsregister for ryggkirurgi');

INSERT INTO `ind` (`id`, `dg_id`, `include`, `title`, `name`, `type`, `measure_unit`, `min_denominator`, `min_value`, `max_value`, `level_green`, `level_yellow`, `level_direction`, `short_description`, `long_description`, `registry_id`) VALUES
('hjerneslag_beh_enhet',	NULL,	1,	'Andel behandlet i slagenhet',	'hjerneslag_beh_enhet',	'andel',	NULL,	NULL,	NULL,	NULL,	0.900,	0.800,	1,	'Slagenhetsbehandling er av stor betydning for behandlingsresultatet, og nasjonale retningslinjer anbefaler at alle pasienter med hjerneslag bør behandles i slagenhet.',	'Det er godt dokumentert at behandling av pasienter med hjerneslag i slagenhet reduserer funksjonshemming, dødelighet og behov for sykehjem. De Nasjonal retningslinjene for behandling og rehabilitering ved hjerneslag anbefaler at alle pasienter med akutt hjerneslag bør behandles i slagenhet. Begrunnelse for måltallene: I praksis vil det være pasienter som på grunn av andre ledsagende lidelser må tas hånd om i andre avdelinger, inkludert pasienter i en terminal fase som ofte bør få være i, eller innlegges i, den avdelingen de er kjent fra tidligere.',	1),
('hjerneslag_beh_tromb',	NULL,	1,	'Andel behandlet med trombolyse',	'hjerneslag_beh_tromb',	'andel',	NULL,	NULL,	NULL,	NULL,	0.150,	0.100,	1,	'Trombolyse er en er effektiv behandling for mange pasienter med tydelige symptomer pga. hjerneinfarkt, hvis behandlingen kan starte innen 4,5 timer etter debut av symptomene',	'I følge de nasjonale retningslinjene er det dokumentert at trombolysebehandling for pasienter med akutt hjerneinfarkt reduserer funksjonshemming hvis behandlingen starter innen 4,5 timer fra symptomdebut. Begrunnelse for måltallene: Det finnes i dag ingen god dokumentasjon på hva som er optimal trombolysefrekvens, fordi dette vil avhenge både av alvorlighetsgrad av hjerneslaget, tid fra symptomdebut til behandling, bivirkninger og behandlingsresultat. Grensene vi har valgt for høy og moderat måloppnåelse på denne indikatoren er identisk med de som benyttes i Sverige og Danmark. Det muliggjør derfor gode sammenligninger, samtidig som vi vet at trombolyseandelen i disse landene er av de høyeste i Europa.',	1),
('hjerneslag_dekgrad',	NULL,	1,	'Dekningsgrad',	'hjerneslag_dekgrad',	'andel',	NULL,	NULL,	NULL,	NULL,	0.900,	0.700,	1,	'Dekningsgraden angir hvor komplett registeret er, det vil si hvor stor andel av alle pasienter som var innlagt på sykehus med akutt hjerneslag som er inkludert i registeret.',	'For at kvalitetsindikatorer skal være nyttige er det avgjørende med god kompletthet i registreringene. God kompletthet måles langs to akser; dekningsgrad på individnivå og kompletthet i variablene. NHR presenterer kvalitetsindikatorer for sykehus med en dekningsgrad på over 70 % i sine årsrapporter. God dekningsgrad er en forutsetning for å vurdere kvaliteten på slagbehandlingen ved det enkelte sykehus. Dekningsgrad i NHR beregnes gjennom en individbasert sammenstilling av registreringer i Norsk Pasientregister (NPR) og NHR.',	1),
('hjerneslag_inn_enhet',	NULL,	1,	'Andel direkte innlagt i slagenhet',	'hjerneslag_inn_enhet',	'andel',	NULL,	NULL,	NULL,	NULL,	0.900,	0.750,	1,	'Slagenhetsbehandling er av stor betydning for behandlingsresultatet, og nasjonale retningslinjer anbefaler direkte innleggelse i slagenhet ved akutt hjerneslag.',	'Det er veldokumentert at behandling i slagenhet reduserer funksjonshemming, dødelighet og behov for sykehjem. Etter hvert som akuttbehandling har blitt mer framtredende, er det økende dokumentasjon for at direkte innleggelse og behandling i slagenhet også det første døgnet er av betydning for et godt behandlingsresultat. Begrunnelse for måltallene: De nasjonale retningslinjene anbefaler at alle pasienter med akutt hjerneslag bør innlegges direkte i slagenhet. Direkte innlagt i overvåkingsavdeling/intensivavdeling eller nevrokirurgisk avdeling defineres i våre registreringer også som ”direkte innlagt i slagenhet”, hvis pasienten etter nødvendig akuttbehandling i slik enhet overflyttes til slagenhet straks den medisinske tilstanden tillater det.',	1),
('hjerneslag_rapport_3mnd',	NULL,	1,	'Andel med rapportert status 3 måneder etter hjerneslaget',	'hjerneslag_rapport_3mnd',	'andel',	NULL,	NULL,	NULL,	NULL,	0.800,	0.700,	1,	'Norsk hjerneslagregister samler inn informasjon om hvordan det går med pasientene 3 måneder etter hjerneslaget. Denne indikatoren viser hvor stor andel av alle pasientene vi har slik informasjon om.',	'God dekningsgrad av rapportert status etter 3 måneder er en forutsetning for å vurdere hvordan det går med pasientene. Evaluering av behandlingskvalitet og hva som oppnås med behandlingen er sentralt i oppfølgingen. Definisjon av om oppfølging er gjennomført, er at det foreligger opplysninger om status ved 3 måneder, inkludert død inntruffet innen 3 måneder. Begrunnelse for måltallene: Norsk hjerneslagregister har så langt mest fokus på innregistrering og god dekning i akuttfasen. Høy måloppnåelse på oppfølging satt til 80 %, og 70 % er grensen for moderat måloppnåelse.  Oppfølging av 70 % av pasientene er nødvendig for å kunne gi en god vurdering av behandlingsresultatene. For lavere oppfølging enn 70 % blir resultatene så usikre at de i liten grad kan benyttes for å vurdere kvalitet. Etterhvert som registeret blir bedre implementert tar vi sikte på mer ambisiøse grenser.',	1),
('hjerneslag_test_svelg',	NULL,	1,	'Andel som har fått vurdert/testet svelgfunksjon',	'hjerneslag_test_svelg',	'andel',	NULL,	NULL,	NULL,	NULL,	0.950,	0.850,	1,	'Alle pasienter med akutt hjerneslag bør testes systematisk for eventuelle svelgevansker før de blir gitt mat eller drikke, for å unngå komplikasjoner som f.eks. lungebetennelse.',	'Ifølge de nasjonale retningslinjene for behandling av hjerneslag, bør alle  pasienter med akutt hjerneslag observeres og testes systematisk for eventuelle svelgevansker før de blir gitt mat eller drikke. Begrunnelse for måltallene: Noen pasienter har svært nedsatt bevissthet og er dermed ikke mulige å teste. Høy måloppnåelse er derfor satt til 95 %.',	1),
('hjerneslag_tromb_40min',	NULL,	1,	'Andel trombolyse innen 40 minutt etter innleggelse',	'hjerneslag_tromb_40min',	'andel',	NULL,	NULL,	NULL,	NULL,	0.500,	0.300,	1,	'Trombolyse bør gis tidlig etter symptomdebut, og minst halvparten av de aktuelle pasientene bør starte behandling innen 40 minutter etter ankomst sykehus.',	'Det er godt dokumentert at intravenøs trombolyse har størst effekt hvis det gis tidlig etter symptomdebut. De nasjonale retningslinjene anbefaler at pasienter som er aktuelle for trombolyse bør utredes så raskt som mulig, for å sikre tidligst mulig behandling. Det viktigste bidraget fra sykehus i denne forbindelse er å sikre rask utredning straks pasienten ankommer akuttmottaket. Denne indikatoren måler akutt logistikk i sykehuset ved trombolyse og er også nå blitt en nasjonal kvalitetsindikator. Begrunnelse for måltallene: Høy måloppnåelse er satt til 50 %, og samsvarer i stor grad med grenser som er valgt i Sverige. Et måltall på 30 % er valgt som moderat måloppnåelse. Diagnostisk avklaring vil hos en del pasienter kreve svar på blodprøver, ytterligere bildediagnostikk, innhenting av komparente opplysninger, eller observasjon av klinisk tilstand over litt tid, før indikasjoner eller kontraindikasjoner for trombolyse kan vurderes. Disse forhold er tatt med i vurderingene ved fastsettelse av grenseverdiene.',	1),
('hjerneslag_ut_antikoag',	NULL,	1,	'Andel utskrevet med antikoagulasjon',	'hjerneslag_ut_antikoag',	'andel',	NULL,	NULL,	NULL,	NULL,	0.700,	0.550,	1,	'De fleste pasienter med hjerneinfarkt som også har hjerteforkammerflimmer har nytte av antikoagulerende medikamenter (blodfortynnende behandling) for å forebygge nye hjerneslag.',	'Antikoagulasjonsbehandling (blodfortynnende behandling) reduserer risikoen for nye hjerneinfarkt hos pasienter med atrieflimmer. Antikoagulasjonsbehandling ved atrieflimmer hos pasienter med hjerneinfarkt er en anbefaling i nasjonale retningslinjer for behandling av hjerneslag. Begrunnelse for måltallene: Antikoagulasjonsbehandling vil for enkelte pasienter bli utsatt til etter utskriving når blødningsrisikoen i infarktet er mindre. For noen pasienter med andre ledsagende lidelser vil antitrombotisk medikasjon ikke bli foreskrevet. I tillegg har endel pasienter kontraindikasjoner til antikoagulasjon. I årsrapporten er antikoagulasjonsbehandling forordnet innen tre måneder inkludert i indikatoren. Dette er ikke mulig å publisere i sanntidsrapportering.',	1),
('hjerneslag_ut_antitromb',	NULL,	1,	'Andel utskrevet med antitrombotisk behandling',	'hjerneslag_ut_antitromb',	'andel',	NULL,	NULL,	NULL,	NULL,	0.950,	0.850,	1,	'De fleste pasienter med hjerneinfarkt bør få behandling med blodpropphemmende medikamenter for å forebygge nye hjerneslag.',	'De fleste pasienter med hjerneinfarkt bør få behandling med antitrombotisk medikasjon (blodfortynnende behandling) for å forebygge for nye hjerneslag.  Begrunnelse for måltallene: Antikoagulasjonsbehandling vil for enkelte pasienter bli utsatt til etter utskriving når blødningsrisikoen i infarktet er mindre. For noen pasienter med andre ledsagende lidelser vil antitrombotisk medikasjon ikke bli foreskrevet.',	1),
('hjerneslag_ut_blodtrykksenk',	NULL,	1,	'Andel utskrevet med blodtrykkssenkende medikamenter',	'hjerneslag_ut_blodtrykksenk',	'andel',	NULL,	NULL,	NULL,	NULL,	0.700,	0.600,	1,	'Pasienter med hjerneslag som har høyt blodtrykk bør behandles med blodtrykkssenkende medikamenter for å forebygge nye hjerneslag.',	'Pasienter med hjerneslag med høyt blodtrykk bør behandles med blodtrykksenkende medikamenter ved utskriving. Blodtrykksbehandling reduserer risikoen for flere hjerneslag hos pasienter med høyt blodtrykk. Begrunnelse for måltallene: 70 % av pasientene bør behandles med blodtrykksenkende medikamenter ved utskriving. Hos en del pasienter er det naturlig å vente med blodtrykksenking til etter akuttfasen, og en del pasienter har ikke behandlingstrengende hypertensjon. Vi har korrigert for de utslag forsinket oppstart gir ved å inkludere blodtrykkssenkende medikamenter ved 3 måneder. Resultatene presenteres dermed noe forsinket på denne indikatoren.',	1),
('hjerneslag_ut_lipidsenk',	NULL,	1,	'Andel utskrevet med lipidsenkende medikamenter',	'hjerneslag_ut_lipidsenk',	'andel',	NULL,	NULL,	NULL,	NULL,	0.750,	0.650,	1,	'De fleste pasienter under 80 år med hjerneinfarkt bør behandles med statiner/kolesterolsenkende medikamenter for å forebygge nye hjerneslag.',	'Statin/lipidsenkende behandling er en anbefaling i nasjonale retningslinjer for behandling av hjerneslag. Denne type behandling etter hjerneinfarkt reduserer risikoen for et nytt hjerneslag og andre tromboemboliske sykdommer. Begrunnelse for måltallene: Måltallet for høy måloppnåelse er satt til 75 %, da det for enkelte pasienter ikke foreligger indikasjon for statiner/lipidsenkende medikamenter grunnet en allerede ideell lipidprofil, komorbiditet med reduserte leveutsikter, eller fare for medikament-interaksjoner eller uakseptable bivirkninger. 65 % er valgt som moderat måloppnåelse.',	1),
('hjerteinfarkt_ACE_allantag_vInd',	NULL,	1,	'ACE-hemmer/AII-antagonist hvis indikasjon',	'kiK',	'andel',	NULL,	NULL,	NULL,	NULL,	0.800,	0.700,	1,	'Pasienter under 85 år med hjertesvikt eller sukkersyke som fikk anbefalt medisin (ACE/AII hemmer)',	'Kvalitetsindikatoren er definert som andel pasienter under 85 år med hjertesvikt eller sukkersyke som fikk medikament ACE-hemmer eller AII-antagonist. De europeiske retningslinjene som Norsk cardiologisk selskap har sluttet seg til, anbefaler at pasientene med EF <40 %, eller som har hjertesvikt i tidligere sykehistorie, eller som fikk hjertesvikt som komplikasjon i behandlingskjeden, eller som har sukkersyke, som hovedregel behandles med ACE-hemmer/AII-antagonist. Hos noen pasienter vil det være medisinsk korrekt å fravike anbefalingene. Høyt målnivå er ønskelig.',	2),
('hjerteinfarkt_dekgrad',	NULL,	1,	'Dekningsgrad',	'kiA',	'andel',	NULL,	NULL,	NULL,	NULL,	0.850,	0.700,	1,	'Hvor stor andel av pasienter med hjerteinfarkt som sykehuset meldte til  Norsk hjerteinfarktregister',	'God dekningsgrad er en forutsetning for å vurdere kvaliteten på hjerteinfarktbehandlingen ved det enkelte sykehus. Ved registrering må sykehusene rapportere hvem de behandler, hvordan de behandler og hva som oppnås ved behandlingen. På den måten blir registrering av alle hjerteinfarkt ved et sykehus et nødvendig og viktig verktøy for kvalitetsforbedring, og en forutsetning for å kunne bedømme alle de andre kvalitetsindikatorene.',	2),
('hjerteinfarkt_EF_maalt',	NULL,	1,	'Ejeksjonsfraksjon (EF) målt',	'kiH',	'andel',	NULL,	NULL,	NULL,	NULL,	0.800,	0.600,	1,	'Undersøkelse av hjertets pumpefunksjon med ultralyd',	'Kvalitetsindikatoren er definert som andel pasienter som undersøkes med måling av hjertets pumpefunksjon. De europeiske retningslinjene som Norsk cardiologisk selskap har sluttet seg til, anbefaler at ejeksjonsfraksjon (hjertets pumpefunksjon) som hovedregel blir beskrevet og målt under sykdomsforløpet. Høyt målnivå er ønskelig.',	2),
('hjerteinfarkt_invasivt_NSTEMI',	NULL,	1,	'Invasivt utredet ved NSTEMI',	'kiD',	'andel',	NULL,	NULL,	NULL,	NULL,	0.850,	0.700,	1,	'Pasienter under 85 år med mindre EKG-forandringer som ble undersøkt med røntgen av hjertets blodårer i løpet av behandlingsforløpet',	'Kvalitetsindikatoren er definert som andel av pasienter under 85 med mindre EKG-forandringer som ble undersøkt med røntgen av hjertets blodårer i løpet av behandlingskjeden. De europeiske retningslinjene som Norsk cardiologisk selskap har sluttet seg til, anbefaler at pasienter med NSTEMI som hovedregel utredes invasivt med koronar angiografi under sykehusoppholdet. Ved invasiv utredning kartlegges sykdomsutbredelse. Dette er av betydning for risikostratifisering og planlegging av behandlingen. Høyt målnivå er ønskelig.',	2),
('hjerteinfarkt_invasivt_NSTEMI_72t',	NULL,	1,	'Invasivt utredet innen 72 timer ved NSTEMI',	'kiE',	'andel',	NULL,	NULL,	NULL,	NULL,	0.800,	0.500,	1,	'Pasienter under 85 år med mindre EKG-forandringer som ble undersøkt med røntgen av hjertets blodårer innen 72 timer etter innleggelse',	'Kvalitetsindikatoren er definert som andel pasienter under 85 år med mindre EKG-forandringer som ble undersøkt med røntgen av hjertets blodårer innen 72 timer etter innleggelse. Europeiske retningslinjer anbefaler at pasienter med NSTEMI som hovedregel gjennomgår invasiv utredning innen 24 timer etter innleggelse. Praksis varierer i Norge. Fagrådet for Norsk hjerteinfarktregister har vurdert foreliggende data og funnet at det ikke foreligger god dokumentasjon for at pasienter med NSTEMI som hovedregel bør utredes innen 24 timer. Fagrådet har derfor valgt å opprettholde utredning innen 72 timer etter innleggelse som nasjonal kvalitetsindikator. Det understrekes at pasientene må risikostratifiseres, og at pasienter med høy risiko må utredes raskt og noen umiddelbart (innen 2 timer). Høyt målnivå er ønskelig.',	2),
('hjerteinfarkt_PCI_tid',	NULL,	1,	'Primær PCI innen anbefalt tid',	'kiC2',	'andel',	NULL,	NULL,	NULL,	NULL,	0.850,	0.700,	1,	'Pasienter under 85 år som i løpet av kort tid ble behandlet med utblokking (PCI)  ved mistanke om tett hjerteåre',	'Andel pasienter under 85 år med STEMI og <12 timer fra symptomdebut til første medisinske kontakt som fikk primær PCI innen 120 minutter etter første medisinske kontakt. Primær PCI er definert som angiografi eller PCI som initial metode for å oppnå reperfusjon når angiografi eller PCI ble utført innen 12 timer etter første medisinske kontakt og det ikke var gitt trombolyse på forhånd. De europeiske retningslinjene som Norsk cardiologisk selskap har sluttet seg til, anbefaler at pasienter som har alvorlig hjerteinfarkt med tett hjerteåre får behandling med utblokking (PCI) innen 120 minutter. Høyt målnivå er ønskelig.',	2),
('hjerteinfarkt_reper_STEMI',	NULL,	1,	'Reperfusjonsbehandling ved STEMI',	'kiB',	'andel',	NULL,	NULL,	NULL,	NULL,	0.900,	0.800,	1,	'Pasienter under 85 år som ble behandlet med blodpropp-løsende medisin eller utblokking ved mistanke om tett hjerteåre',	'Denne kvalitetsindikatoren er definert som andel pasienter under 85 år som ble behandlet med blodproppløsende medikament eller utblokking ved alvorlig hjerteinfarkt (STEMI). De europeiske retningslinjene som Norsk cardiologisk selskap har sluttet seg til, anbefaler at pasienter med ST-elevasjonsinfarkt (STEMI) og med <12 timer fra symptomdebut til første medisinske kontakt (FMK) blir behandlet med trombolyse og/eller koronar angiografi/PCI i sykdomsforløpet. Hos noen pasienter vil det være medisinsk korrekt å fravike anbefalingene. Høyt målnivå er ønskelig.',	2),
('hjerteinfarkt_reper_STEMI_tid',	NULL,	1,	'Reperfusjonsbehandling innen anbefalt tid ved STEMI',	'kiC',	'andel',	NULL,	NULL,	NULL,	NULL,	0.850,	0.700,	1,	'Pasienter under 85 år som  i løpet av kort tid ble behandlet med blodpropp-løsende medisin eller utblokking  ved mistanke om tett hjerteåre',	'Kvalitetsindikatoren er definert som andel av pasienter under 85 år som innen anbefalt tid ble behandlet med blodproppløsende medikament eller utblokking ved mistanke om tett hjerteåre og alvorlig hjerteinfarkt (STEMI). Andel pasienter under 85 år innlagt med STelevasjonsinfarkt (STEMI) og med <12 timer fra symptomdebut til første medisinske kontakt som ble behandlet med trombolyse innen 30 minutter eller koronar angiografi/PCI innen 120 minutter etter første medisinske kontakt. Ved STEMI skal den tette blodåren åpnes så raskt som overhode mulig. Dette vil gi redusert myokardskade og redusert risiko for hjertesvikt og død. Høyt målnivå er ønskelig.',	2),
('hjerteinfarkt_tromb_tid',	NULL,	1,	'Trombolyse innen anbefalt tid',	'kiC1',	'andel',	NULL,	NULL,	NULL,	NULL,	0.800,	0.500,	1,	'Pasienter under 85 år som  i løpet av kort tid ble behandlet med blodpropp-løsende medisin ved mistanke om tett hjerteåre',	'Kvalitetsindikatoren er definert som andel pasienter under 85 år med STEMI som fikk trombolyse innen 30 minutter av de som ble behandlet med trombolyse som initial reperfusjonsmetode. De europeiske retningslinjene som Norsk cardiologisk selskap har sluttet seg til, anbefaler at pasienter som har alvorlig hjerteinfarkt med tett hjerteåre får blodproppløsende medikament innen 30 minutter hvis pasienten ikke kan behandles med utblokking (PCI) innen 120 minutter. Høyt målnivå er ønskelig.',	2),
('hjerteinfarkt_ut_antitromb',	NULL,	1,	'Utskrevet med antitrombotisk behandling',	'kiF',	'andel',	NULL,	NULL,	NULL,	NULL,	0.900,	0.800,	1,	'Pasienter under 85 år som behandles med to medikament for å forebygge ny blodpropp etter hjerteinfarktet',	'Kvalitetsindikatoren er definert som andel av pasienter under 85 år som behandles med to platehemmende medikament eller et platehemmende medikament og et antikoagulasjonsbehandlende medikament etter hjerteinfarktet. Antitrombotisk behandling gir prognostisk gevinst. De europeiske retningslinjene som Norsk cardiologisk selskap har sluttet seg til, anbefaler at pasientene som hovedregel behandles i 12 måneder med to medikament for å hindre blodpropp etter hjerteinfarktet. Hos noen pasienter vil det være medisinsk korrekt å fravike anbefalingene. Høyt målnivå er ønskelig.',	2),
('hjerteinfarkt_ut_betablokk_vInd',	NULL,	1,	'Utskrevet med betablokker hvis indikasjon',	'kiJ',	'andel',	NULL,	NULL,	NULL,	NULL,	0.850,	0.750,	1,	'Pasienter under 85 år som fikk anbefalt  medisin (betablokker) for å stabilisere hjerterytmen',	'Kvalitetsindikatoren er definert som andel pasienter under 85 år som fikk anbefalt betablokker medikament hvis det var indikasjon for betablokker. De europeiske retningslinjene som Norsk cardiologisk selskap har sluttet seg til, anbefaler at pasientene med EF <40 %, eller som hadde hjertesvikt i tidligere sykehistorie eller som fikk hjertesvikt i behandlingskjeden som hovedregel bør behandles med betablokker. Hos noen pasienter vil det være medisinsk korrekt å fravike anbefalingene. Høyt målnivå er ønskelig.',	2),
('hjerteinfarkt_ut_lipidsenk',	NULL,	1,	'Utskrevet med lipidsenkende medikament',	'kiG',	'andel',	NULL,	NULL,	NULL,	NULL,	0.900,	0.850,	1,	'Pasienter under 85 år som behandles med kolesterolsenkende medisin etter hjerteinfarktet',	'Kvalitetsindikatoren er definert som andel pasienter under 85 år som behandles med kolesterolsenkende medikament etter hjerteinfarktet. Kolesterolsenkende behandling gir prognostisk gevinst. De europeiske retningslinjene som Norsk cardiologisk selskap har sluttet seg til, anbefaler at pasientene som hovedregel behandles med lipidsenkende medikament på ubestemt tid. Høyt målnivå er ønskelig.',	2),
('hoftebrudd_1aar',	NULL,	1,	'Ikke-reopererte proteser innen et år',	'Ind1aar',	'andel',	NULL,	NULL,	NULL,	NULL,	0.900,	0.800,	1,	'En reoperasjon er en betydelig belastning for en hoftebruddpasient og andelen reoperasjon er derfor et viktig mål for kvaliteten av behandlingen',	'Andelen reoperasjoner er et mål på kvaliteten av behandlingen. En reoperasjon kan være en betydelig belastning for hoftebruddpasientene og medfører både øket mortalitet og morbiditet. Pasientene har i perioden før en reoperasjon oftest smerter og økte problemer i det daglige. Et viktig mål for behandling av hoftebrudd er derfor å unngå reoperasjoner. De fleste reoperasjoner for hoftebrudd skjer i løpet av det første året etter primæroperasjonen.|Andelen reoperasjoner innen 1 år postoperativt må imidlertid sees i sammenheng med rapporteringsgraden av reoperasjoner. Dersom rapportering av reoperasjoner er dårlig ved et sykehus vil dette medføre en falsk lav andel reopererte pasienter. Andelen reoperasjoner kan også ses i sammenheng med behandlingsmetode (kvalitetsindikatorer  for protese ved dislokerte lårhalsbrudd og sementert stamme ved bruk av protese).|De fleste sykehus har mindre enn 10 % reoperasjoner første året etter primæroperasjon og oppnår dermed god måloppnåelse.',	3),
('hoftebrudd_24t',	NULL,	1,	'Operasjon innen 24 timer (tilstrebes)',	'Ind24t',	'andel',	NULL,	NULL,	NULL,	NULL,	0.800,	0.600,	1,	'Det er gode holdepunkter for at hoftebrudd bør opereres innen 24 timer etter bruddtidspunktet',	'Denne kvalitetsindikatoren er definert som andel pasienter med akutt hoftebrudd som ble operert innen 24 timer etter bruddtidspunktet.|Det er gode holdepunkter for å anbefale at alle hoftebrudd bør tilstrebes operert innen 24 timer og senest innen 48 timer. Vi har definert >90 % som svært god måloppnåelse og >80 % som god måloppnåelse for operasjon innen 48 timer. For operasjon innen 24 timer er >80 % definert som svært god måloppnåelse og >60 % som god måloppnåelse.|Foreløpig vil tid fra brudd til operasjon bli brukt som ventetid. Det jobbes med å innhente innleggelsestidspunkt i sykehus. Ventetid fra innleggelse til operasjon kan kanskje være en mer riktig prosessindikator.|På landsbasis er det meget god måloppnåelse, men det er store variasjoner mellom de enkelte sykehusene. Det er en tendens til at de store universitetssykehusene har større problemer med å få operert pasientene innen de anbefalte 48 timer.',	3),
('hoftebrudd_30d_doed',	NULL,	1,	'30 dagers overlevelse',	'Ind30dDod',	'andel',	NULL,	NULL,	NULL,	NULL,	0.900,	0.800,	1,	'30 dagers overlevelse er en hyppig brukt resultatindikator for behandling av hoftebrudd',	'30 dagers overlevelse er en hyppig brukt resultatindikator for behandling av hoftebrudd. Det er imidlertid mange ulike faktorer som kan påvirke overlevelsen og som det er umulig å korrigere godt for. 30 dagers overlevelse er selvsagt også avhengig av hendelser etter at pasienten er utskrevet fra sykehuset. Tilfeldigheter eller små forskjeller vil kunne se store ut når sykehusvise resultater sammenlignes.|30 dagers overlevelse er ved de fleste sykehus >90 %.',	3),
('hoftebrudd_48t',	NULL,	1,	'Operasjon innen 48 timer',	'Ind48t',	'andel',	NULL,	NULL,	NULL,	NULL,	0.900,	0.800,	1,	'Alle hoftebrudd bør senest opereres innen 48 timer etter bruddtidspunktet for å redusere dødelighet og fare for medisinske komplikasjoner',	'Denne kvalitetsindikatoren er definert som andel pasienter med akutt hoftebrudd som ble operert innen 48 timer etter bruddtidspunktet.|Det er gode holdepunkter for å anbefale at alle hoftebrudd bør tilstrebes operert innen 24 timer og senest innen 48 timer. Vi har definert >90 % som svært god måloppnåelse og >80 % som god måloppnåelse for operasjon innen 48 timer. For operasjon innen 24 timer er >80 % definert som svært god måloppnåelse og >60 % som god måloppnåelse.|Foreløpig vil tid fra brudd til operasjon bli brukt som ventetid. Det jobbes med å innhente innleggelsestidspunkt i sykehus. Ventetid fra innleggelse til operasjon kan kanskje være en mer riktig prosessindikator.|På landsbasis er det meget god måloppnåelse, men det er store variasjoner mellom de enkelte sykehusene. Det er en tendens til at de store universitetssykehusene har større problemer med å få operert pasientene innen de anbefalte 48 timer.',	3),
('hoftebrudd_dekgrad_prim_brudd',	NULL,	1,	'Dekningsgrad av primære hoftebrudd',	'IndDGp',	'andel',	NULL,	NULL,	NULL,	NULL,	0.900,	0.800,	1,	'Dekningsgrad gir et mål på hvor stor andel av primære hoftebruddsoperasjoner som blir meldt til registeret sammenlignet med Norsk pasientregister',	'Dekningsgrad for Norsk Hoftebruddregister (NHBR) er definert som andelen av de pasienter som sykehuset rapporterte til Norsk pasientregister (NPR) som sykehuset også meldte til NHBR. Vi har definert >90 % som svært god måloppnåelse, >80 % som god måloppnåelse.|En del usikkerhet er knyttet til beregning av dekningsgrad. Det er viktig at sykehusene rapporterer riktige diagnosekoder og prosedyrekoder til NPR for at riktige operasjoner skal bli koblet til NHBR. For primæroperasjoner er dette mindre problematisk, men for reoperasjoner er det en større usikkerhet da flere ulike prosedyrekoder kan benyttes. Det finnes ingen klare retningslinjer for hvilke prosedyrekoder som kirurgene skal benytte ved for eksempel bløtdelsrevisjoner etter infeksjon.|NPR mangler spesifisering av legemsside og dette medfører en usikkerhet i analysene. Totalproteser i hofte implanteres også av andre årsaker enn hoftebrudd. Pasienter kan ha totalproteser i begge hofter og en kan ut fra data i NPR ikke avgjøre hvilken protese som er reoperert. Dersom totalprotesen som er reoperert ikke er implantert som følge av hoftebrudd skal reoperasjonen heller ikke være registrert i NHBR. Det totale antallet reopererte totalproteser i NPR er altså høyere enn antallet reopererte totalproteser implantert etter hoftebrudd. Dette vil gi en feilaktig lavere dekningsgrad for totalproteser i NHBR.|Dekningsgradsanalyser var sist utført for operasjoner utført i perioden 2017-2018.',	3),
('hoftebrudd_dekgrad_prim_hemi',	NULL,	1,	'Dekningsgrad primær hemiprotese',	'IndDGph',	'andel',	NULL,	NULL,	NULL,	NULL,	0.900,	0.800,	1,	'Dekningsgrad gir et mål på hvor stor andel av primære hemiproteser som blir meldt til registeret sammenlignet med Norsk pasientregister',	'Dekningsgrad for Norsk Hoftebruddregister (NHBR) er definert som andelen av de pasienter som sykehuset rapporterte til Norsk pasientregister (NPR) som sykehuset også meldte til NHBR. Vi har definert >90 % som svært god måloppnåelse, >80 % som god måloppnåelse.|En del usikkerhet er knyttet til beregning av dekningsgrad. Det er viktig at sykehusene rapporterer riktige diagnosekoder og prosedyrekoder til NPR for at riktige operasjoner skal bli koblet til NHBR. For primæroperasjoner er dette mindre problematisk, men for reoperasjoner er det en større usikkerhet da flere ulike prosedyrekoder kan benyttes. Det finnes ingen klare retningslinjer for hvilke prosedyrekoder som kirurgene skal benytte ved for eksempel bløtdelsrevisjoner etter infeksjon.|NPR mangler spesifisering av legemsside og dette medfører en usikkerhet i analysene. Totalproteser i hofte implanteres også av andre årsaker enn hoftebrudd. Pasienter kan ha totalproteser i begge hofter og en kan ut fra data i NPR ikke avgjøre hvilken protese som er reoperert. Dersom totalprotesen som er reoperert ikke er implantert som følge av hoftebrudd skal reoperasjonen heller ikke være registrert i NHBR. Det totale antallet reopererte totalproteser i NPR er altså høyere enn antallet reopererte totalproteser implantert etter hoftebrudd. Dette vil gi en feilaktig lavere dekningsgrad for totalproteser i NHBR.|Dekningsgradsanalyser var sist utført for operasjoner utført i perioden 2017-2018.',	3),
('hoftebrudd_dekgrad_prim_ost',	NULL,	1,	'Dekningsgrad primær osteosyntese',	'IndDGpo',	'andel',	NULL,	NULL,	NULL,	NULL,	0.900,	0.800,	1,	'Dekningsgrad gir et mål på hvor stor andel av primære osteosynteser som blir meldt til registeret sammenlignet med Norsk pasientregister',	'Dekningsgrad for Norsk Hoftebruddregister (NHBR) er definert som andelen av de pasienter som sykehuset rapporterte til Norsk pasientregister (NPR) som sykehuset også meldte til NHBR. Vi har definert >90 % som svært god måloppnåelse, >80 % som god måloppnåelse.|En del usikkerhet er knyttet til beregning av dekningsgrad. Det er viktig at sykehusene rapporterer riktige diagnosekoder og prosedyrekoder til NPR for at riktige operasjoner skal bli koblet til NHBR. For primæroperasjoner er dette mindre problematisk, men for reoperasjoner er det en større usikkerhet da flere ulike prosedyrekoder kan benyttes. Det finnes ingen klare retningslinjer for hvilke prosedyrekoder som kirurgene skal benytte ved for eksempel bløtdelsrevisjoner etter infeksjon.|NPR mangler spesifisering av legemsside og dette medfører en usikkerhet i analysene. Totalproteser i hofte implanteres også av andre årsaker enn hoftebrudd. Pasienter kan ha totalproteser i begge hofter og en kan ut fra data i NPR ikke avgjøre hvilken protese som er reoperert. Dersom totalprotesen som er reoperert ikke er implantert som følge av hoftebrudd skal reoperasjonen heller ikke være registrert i NHBR. Det totale antallet reopererte totalproteser i NPR er altså høyere enn antallet reopererte totalproteser implantert etter hoftebrudd. Dette vil gi en feilaktig lavere dekningsgrad for totalproteser i NHBR.|Dekningsgradsanalyser var sist utført for operasjoner utført i perioden 2017-2018.',	3),
('hoftebrudd_dekgrad_prim_total',	NULL,	1,	'Dekningsgrad primær totalprotese',	'IndDGpt',	'andel',	NULL,	NULL,	NULL,	NULL,	0.900,	0.800,	1,	'Dekningsgrad gir et mål på hvor stor andel av primære totalproteser som blir meldt til registeret sammenlignet med Norsk pasientregister',	'Dekningsgrad for Norsk Hoftebruddregister (NHBR) er definert som andelen av de pasienter som sykehuset rapporterte til Norsk pasientregister (NPR) som sykehuset også meldte til NHBR. Vi har definert >90 % som svært god måloppnåelse, >80 % som god måloppnåelse.|En del usikkerhet er knyttet til beregning av dekningsgrad. Det er viktig at sykehusene rapporterer riktige diagnosekoder og prosedyrekoder til NPR for at riktige operasjoner skal bli koblet til NHBR. For primæroperasjoner er dette mindre problematisk, men for reoperasjoner er det en større usikkerhet da flere ulike prosedyrekoder kan benyttes. Det finnes ingen klare retningslinjer for hvilke prosedyrekoder som kirurgene skal benytte ved for eksempel bløtdelsrevisjoner etter infeksjon.|NPR mangler spesifisering av legemsside og dette medfører en usikkerhet i analysene. Totalproteser i hofte implanteres også av andre årsaker enn hoftebrudd. Pasienter kan ha totalproteser i begge hofter og en kan ut fra data i NPR ikke avgjøre hvilken protese som er reoperert. Dersom totalprotesen som er reoperert ikke er implantert som følge av hoftebrudd skal reoperasjonen heller ikke være registrert i NHBR. Det totale antallet reopererte totalproteser i NPR er altså høyere enn antallet reopererte totalproteser implantert etter hoftebrudd. Dette vil gi en feilaktig lavere dekningsgrad for totalproteser i NHBR.|Dekningsgradsanalyser var sist utført for operasjoner utført i perioden 2017-2018.',	3),
('hoftebrudd_dekgrad_reop',	NULL,	1,	'Dekningsgrad alle reoperasjoner',	'IndDGrev',	'andel',	NULL,	NULL,	NULL,	NULL,	0.900,	0.800,	1,	'Dekningsgrad gir et mål på hvor stor andel av reoperasjoner etter hoftebrudd som blir meldt til registeret sammenlignet med Norsk pasientregister',	'Dekningsgrad for Norsk Hoftebruddregister (NHBR) er definert som andelen av de pasienter som sykehuset rapporterte til Norsk pasientregister (NPR) som sykehuset også meldte til NHBR. Vi har definert ?90 % som svært god måloppnåelse, ?80 % som god måloppnåelse.|En del usikkerhet er knyttet til beregning av dekningsgrad. Det er viktig at sykehusene rapporterer riktige diagnosekoder og prosedyrekoder til NPR for at riktige operasjoner skal bli koblet til NHBR. For primæroperasjoner er dette mindre problematisk, men for reoperasjoner er det en større usikkerhet da flere ulike prosedyrekoder kan benyttes. Det finnes ingen klare retningslinjer for hvilke prosedyrekoder som kirurgene skal benytte ved for eksempel bløtdelsrevisjoner etter infeksjon.|NPR mangler spesifisering av legemsside og dette medfører en usikkerhet i analysene. Totalproteser i hofte implanteres også av andre årsaker enn hoftebrudd. Pasienter kan ha totalproteser i begge hofter og en kan ut fra data i NPR ikke avgjøre hvilken protese som er reoperert. Dersom totalprotesen som er reoperert ikke er implantert som følge av hoftebrudd skal reoperasjonen heller ikke være registrert i NHBR. Det totale antallet reopererte totalproteser i NPR er altså høyere enn antallet reopererte totalproteser implantert etter hoftebrudd. Dette vil gi en feilaktig lavere dekningsgrad for totalproteser i NHBR.|Dekningsgradsanalyser var sist utført for operasjoner utført i perioden 2015-2016.',	3),
('hoftebrudd_protese',	NULL,	1,	'Protese ved dislokerte lårhalsbrudd',	'Indprotese',	'andel',	NULL,	NULL,	NULL,	NULL,	0.900,	0.800,	1,	'Lårhalsbrudd hos pasienter over 70 år som er dislokerte (ute av stilling) bør opereres med en protese for å redusere risiko for reoperasjon og for å bedre funksjon',	'Det er gode holdepunkter for å kunne si at dislokerte lårhalsbrudd hos pasienter over 70 år bør opereres med protese. Protesevalg (hemiprotese eller totalprotese) bør avgjøres utfra pasientens biologiske alder og funksjonelle krav. Indikatoren viser andel av pasienter med dislokerte lårhalsbrudd over 70 år som er operert med protese.|I 2017 oppnådde alle sykehus i Norge god måloppnåelse og nesten alle sykehus meget god måloppnåelse på denne indikatoren.',	3),
('hoftebrudd_sement',	NULL,	1,	'Sementert stamme ved bruk av protese',	'Indsement',	'andel',	NULL,	NULL,	NULL,	NULL,	0.900,	0.800,	1,	'Alle hoftebruddpasienter over 70 år som skal opereres med en protese bør få lårbensprotesen sementert for å redusere risiko for reoperasjon',	'Det er god dokumentasjon for å si at det ved hoftebruddpasienter over 70 år bør benyttes sementerte stammer. Bruk av usementerte stammer reduserer risiko for nye brudd rundt implantatene og dermed fare for reoperasjoner. Det har vært en viss bekymring for økt dødelighet grunnet sement implantasjons syndrom ved bruk av sementerte stammer, men flere studier viser nå at det kun foreligger en marginal økning i dødelighet selve operasjonsdagen og dagen etter operasjonen. Risiko er høyest for de skrøpeligste pasientene (ASA 3-5). Med godt samarbeid mellom kirurg og anestesilege kan dødeligheten reduseres.|De fleste sykehus i Norge i dag bruker sementerte stammer ved protese for hoftebrudd hos pasienter > 70 år. Noen få sykehus bruker utelukkende usementerte stammer, mens noen sykehus virker å ha en differensiert behandling. Dette kan skyldes ulike preferanser hos ulike ved disse sykehusene. Det kan også skyldes differensiert behandling ved at de sprekeste pasientene opereres med sementert stamme, mens de skrøpeligste pasientene opereres med usementert stamme for å redusere risiko for sement implantasjons syndrom.',	3),
('intensiv1',	NULL,	1,	'Ny innlegging innan 72 timar',	'reinn',	'andel',	NULL,	NULL,	NULL,	NULL,	0.040,	0.040,	0,	'Reinnleggelser på intensivavd. (innen 72t) uten overflyttede pasienter',	'Reinnleggelser på intensivavd. (innen 72t) uten overflyttede pasienter',	4),
('intensiv2',	NULL,	1,	'Invasiv ventilasjon (inkl. overførte pasienter)',	'respiratortidInvMoverf',	NULL,	NULL,	NULL,	NULL,	NULL,	NULL,	NULL,	0,	'Respiratortid er den tida pasienten får pustehjelp frå ein respirator via eit pusterøyr i eit lukka system. Målet er at minst halvdelen av slike opphaold skal ha respiratortid under 2,5 døger. (Median respiratortid < 2,5 døger)',	NULL,	4),
('lymfoid_biopsi',	NULL,	1,	'Biopsi v/ myelomatose',	'lymfoid5',	'andel',	NULL,	NULL,	NULL,	NULL,	0.900,	0.800,	1,	'Handlingsprogrammet anbefaler biopsi som undersøkelsesmetode for fastsetting av myelomatose.',	'Figuren viser andelen pasienter diagnostisert med myelomatose i 2019 som er diagnostisert ved hjelp av biopsi (vevsprøve). Resultatet gjelder hele helseforetaket. Praksisen er noe spredt ved de ulike helseforetakene. Biopsi gir sikrere registrering via patologene, sikrere klassifisering ved vanskelig morfologi eller lymfoblastisk fenotype, sikrere tallfesting av plasmacelleandel og vil hos enkelte pasienter gi tidligere behandling. Revidert handlingsprogram for maligne blodsykdommer har endret anbefaling til å benytte seg av biopsi og utstryk, ikke enten/eller.',	5),
('lymfoid_dekgrad_utred',	NULL,	1,	'Dekningsgrad: Utredning',	'lymfoid1',	'andel',	NULL,	NULL,	NULL,	NULL,	0.800,	0.600,	1,	'Klinisk utredningsskjema for lymfoide maligniteter er viktig for å vurdere blant annet utbredelse og antatt forløp.',	'Figuren viser dekningsgrad av primærutredning for 2018 og 2019. Informasjon om morfologi, basis for diagnosen, diagnosedato, tilhørende sykehus etc. hentes fra patologibesvarelsen der komplettheten ligger på 97,35 prosent. Stadium, prognostiske faktorer og planlagt behandling er derimot informasjon registeret kun får via utredningsmelding og registeret har derfor hatt høy fokus på å forbedre rapporteringen. Høy grad av måloppnåelse for denne kvalitetsindikatoren er 80% eller mer.',	5),
('lymfoid_diag_non_hodgkin',	NULL,	1,	'Diagnostisering av non-Hodgkin lymfom',	'lymfoid2',	'andel',	NULL,	NULL,	NULL,	NULL,	0.950,	0.900,	1,	'I følge både pakkeforløp og handlingsprogram skal alle lymfomdiagnoser stilles etter vurdering ved et universitetssykehuslaboratorium.',	'Figuren viser andelen av pasienter diagnostisert med non-Hodgkin lymfom i 2019 som har fått diagnosen stilt ved et universitetssykehus, eller ved konsultasjon fra et universitetssykehus. Høy grad av måloppnåelse for denne kvalitetsindikatoren er over 95 prosent. Noen pasienter får ikke diagnosen stilt ved hjelp av anbefalt konsultasjon med universitetssykehus med erfaring, kompetanse og nødvendig utstyr for immunhistokjemisk og molekylær lymfomdiagnostikk. Registeret vil se på de ulike årsakene til dette og oppfordrer alle laboratorier til å følge retningslinjene.',	5),
('lymfoid_fish',	NULL,	1,	'FISH v/ myelomatose',	'lymfoid6',	'andel',	NULL,	NULL,	NULL,	NULL,	0.850,	0.700,	1,	'Handlingsprogrammet anbefaler FISH som standardmetode for cytogenetisk undersøkelse ved diagnostisering av myelomatose.',	'Figuren viser andelen pasienter diagnostisert med myelomatose i 2019 som er diagnostisert ved hjelp av en FISH-analyse. FISH er forkortelse for Fluorescerens In-Situ Hybridisering og er en cytogenetisk teknikk for å detektere og lokalisere tilstedeværelse eller fravær av spesifikke DNA- sekvenser på kromosomer, altså endringer i cellenes molekylære struktur og funksjon. FISH skal være standardmetode for cytogenetisk undersøkelse ved diagnostisering av myelomatose.',	5),
('lymfoid_flowcytometri',	NULL,	1,	'Flowcytometri v/ kronisk lymfatisk leukemi',	'lymfoid4',	'andel',	NULL,	NULL,	NULL,	NULL,	0.900,	0.800,	1,	'Ved diagnostisering av kronisk lymfatisk leukemi anbefales det å bruke undersøkelsen flowcytometri.',	'Flowcytometrisk immunfenotyping er en metode for måling av fysiske og kjemiske egenskaper til enkeltceller eller partikler i væskestrøm, og immunfenotyping av lymfocytter er den anbefalte diagnostiske metoden ved mistanke om kronisk lymfatisk leukemi. Figuren viser andelen av pasienter diagnostisert med kronisk lymfatisk leukemi som har fått diagnosen påvist ved hjelp av flowcytometri fordelt på helseforetak. Høy grad av måloppnåelse for denne kvalitetsindikatoren er 90 prosent eller mer. Resultatet gjelder hele helseforetaket.',	5),
('lymfoid_stadium_non_hodgkin',	NULL,	1,	'Angitt stadium v/ non-Hodgkin lymfom',	'lymfoid3',	'andel',	NULL,	NULL,	NULL,	NULL,	0.900,	0.800,	1,	'Stadium viser hvor utbredt sykdommen er og er en viktig prognostisk faktor.',	'Figuren viser andelen av pasienter diagnostisert med non-Hodgkin lymfom der stadium er oppgitt på utredningsmeldingen. Å angi riktig stadium er en viktig del av diagnostisering av lymfom. Dette sier noe om hvor utbredt sykdommen er. Høy grad av måloppnåelse for denne kvalitetsindikatoren er 90 prosent eller mer. Målet er nådd med god margin. Resultatet gjelder hele helseforetaket.',	5),
('muskel_diagnoseinneetaar',	NULL,	1,	'Andel pasienter med fastsatt diagnose under ett år etter utredningsstart',	'ind1_diagnoseinneetaar_Muskel',	'andel',	NULL,	NULL,	NULL,	NULL,	0.800,	0.800,	0,	'Kort tid fra utredning starter til diagnose er stilt er viktig for å sikre optimal oppfølging og behandling.',	'Å redusere utredningstiden er viktig for å sikre optimal oppfølging og kan være avgjørende for tilgang til behandlinger når dette er tilgjengelig. Avklaring er dessuten viktig for å iverksette sosiale støtteordninger og for inkludering i kliniske studier. Tiden vil være begrenset av infrastruktur i helsesystemet i form av kapasitet (personell og tidkrevende DNA-diagnostikk) og kompetanse. Kort tid er uttrykk for et kvalifisert og målrettet utredningsforløp. Nevromuskulær sykdom er et spesialisert felt som ofte innebærer at pasienten må innom både spesialisthelsetjenesten lokalt og et eller flere universitetssykehus.',	6),
('muskel_fysioterapi',	NULL,	1,	'Andel pasienter som får fysioterapi',	'ind6_fysioterapi_muskel',	'andel',	NULL,	NULL,	NULL,	NULL,	0.900,	0.900,	1,	'Pasienter med arvelig nevromuskulær sykdom har ofte fysisk funksjonsnedsettelse og plager der nevromuskulær fysioterapi er sentral støttebehandling.',	'Pasienter med arvelig nevromuskulær sykdom har ofte fysisk funksjonsnedsettelse og plager der fysioterapi er sentral støttebehandling. Flest mulig bør få dette og i tillegg må den være tilpasset nevromuskulær sykdom. ',	6),
('muskel_genetisk_CMT',	NULL,	1,	'Andel pasienter som får genetisk bekreftet diagnose for CMT',	'ind3_genetisk_CMT_Muskel',	'andel',	NULL,	NULL,	NULL,	NULL,	0.400,	0.400,	0,	'Genetisk avklaring er viktig for å få bekreftet diagnosen, for å få tilgang til genetisk veiledning, eventuell kausal behandling, kliniske studier/forsøk, og for å få en mer nøyaktig prognose.',	'Høy andel genetisk avklarte er viktig for å kunne studere sykdommene på mutasjonsnivå, både forekomst og naturlig sykdomsforløp. Kunnskap om sykdomsforløp er en forutsetning for å kunne gjøre kliniske forsøk og dermed for å utvikle medisinsk behandling. Hvor mange som per i dag kan få en genetisk verifisert diagnose avhenger av kompetanse, tilgjengelighet til DNA-diagnostikk, den medisinske kunnskapsutviklingen, og diagnose. For mange av diagnosene er ikke den genetiske årsaken avdekket ennå. Dette målet egner seg best for å se på utvikling over tid og til å sammenlikne oss med utlandet der slike studier foreligger. Det er mindre egnet til å sammenlikne geografiske regioner innad i landet, da dekningsgraden er begrenset og ujevn, og da forekomst av ulike genetiske tilstander varierer.',	6),
('muskel_genetisk_myopatier',	NULL,	1,	'Andel pasienter som får genetisk bekreftet diagnose for arvelige myopatier',	'ind2_genetisk_myopatier_Muskel',	'andel',	NULL,	NULL,	NULL,	NULL,	0.700,	0.700,	0,	'Genetisk avklaring er viktig for å få bekreftet diagnosen, for å få tilgang til genetisk veiledning, eventuell kausal behandling, kliniske studier/forsøk, og for å få en mer nøyaktig prognose.',	'Høy andel genetisk avklarte er viktig for å kunne studere sykdommene på mutasjonsnivå, både forekomst og naturlig sykdomsforløp. Kunnskap om sykdomsforløp er en forutsetning for å kunne gjøre kliniske forsøk og dermed for å utvikle medisinsk behandling. Hvor mange som per i dag kan få en genetisk verifisert diagnose avhenger av kompetanse, tilgjengelighet til DNA-diagnostikk, den medisinske kunnskapsutviklingen, og diagnose. For mange av diagnosene er ikke den genetiske årsaken avdekket ennå. Dette målet egner seg best for å se på utvikling over tid og til å sammenlikne oss med utlandet der slike studier foreligger. Det er mindre egnet til å sammenlikne geografiske regioner innad i landet, da dekningsgraden er begrenset og ujevn, og da forekomst av ulike genetiske tilstander varierer.',	6),
('muskel_genetisk_SMA_type1-4',	NULL,	1,	'Andel pasienter som får genetisk bekreftet diagnose for SMA type 1-4',	'ind4_genetisk_SMA type1-4_Muskel',	'andel',	NULL,	NULL,	NULL,	NULL,	0.900,	0.900,	0,	'Genetisk avklaring er viktig for å få bekreftet diagnosen, for å få tilgang til genetisk veiledning, eventuell kausal behandling, kliniske studier/forsøk, og for å få en mer nøyaktig prognose.',	'Høy andel genetisk avklarte er viktig for å kunne studere sykdommene på mutasjonsnivå, både forekomst og naturlig sykdomsforløp. Kunnskap om sykdomsforløp er en forutsetning for å kunne gjøre kliniske forsøk og dermed for å utvikle medisinsk behandling. Hvor mange som per i dag kan få en genetisk verifisert diagnose avhenger av kompetanse, tilgjengelighet til DNA-diagnostikk, den medisinske kunnskapsutviklingen, og diagnose. For mange av diagnosene er ikke den genetiske årsaken avdekket ennå. Dette målet egner seg best for å se på utvikling over tid og til å sammenlikne oss med utlandet der slike studier foreligger. Det er mindre egnet til å sammenlikne geografiske regioner innad i landet, da dekningsgraden er begrenset og ujevn, og da forekomst av ulike genetiske tilstander varierer.',	6),
('muskel_oppfoelging',	NULL,	1,	'Andel pasienter som får oppfølging hos barnelege eller nevrolog',	'ind5_oppfølging_Muskel',	'andel',	NULL,	NULL,	NULL,	NULL,	0.800,	0.800,	1,	'Pasienter med arvelig nevromuskulær sykdom krever ofte kompleks oppfølging og barnelege/nevrolog kan påse at de får den oppfølgingen de trenger og i henhold til retningslinjer.',	'Pasienter med arvelig nevromuskulær sykdom krever ulik oppfølging avhengig av diagnose og sykdomsgrad. Noen er utsatt for å utvikle f.eks. hjerte- og/eller respirasjonssvikt, fotfeilstillinger, skoliose eller synstap og trenger overvåking og tiltak for dette. Barnelege/nevrolog kan sørge for at de henvise til nødvendige instanser Vi antar at det er en sammenheng mellom antall pasienter med arvelig nevromuskulær sykdom som følges opp av barnelege/nevrolog og kvaliteten på helsetjenesten til den enkelte pasient.',	6),
('nakke1',	NULL,	1,	'Svelgevansker, 3 måneder etter fremre nakkekirurgi',	'KomplSvelging3mnd',	'andel',	NULL,	NULL,	NULL,	NULL,	0.170,	0.170,	0,	'Ubehag ved svelging av mat og drikke etter fremre nakkekirurgi (hudåpning på halsen), , ikke-myelopati.',	'Den hyppigste komplikasjonen etter fremre nakkekirurgi (hudåpning med arr på halsen) er svelgevansker. Dette kan skyldes arrvev og trykk på spiserør og nerver, spesielt ved langvarig operasjon. Figuren viser andel av pasienter som har svart ja på følgende spørsmål: «Har du etter operasjonen hatt vedvarende ubehag ved svelging av mat og drikke?»',	8),
('nakke2',	NULL,	1,	'Stemmevansker, 3 måneder etter fremre nakkekirurgi',	'KomplStemme3mnd',	'andel',	NULL,	NULL,	NULL,	NULL,	0.100,	0.100,	0,	'Heshet og/eller svak stemme etter fremre nakkekirurgi (hudåpning på halsen), ikke-myelopati.',	'Den nest vanligste komplikasjon etter fremre nakkekirurgi (hudåpning med arr på halsen) er stemmevansker. Dette kan skyldes arrvev og trykk mot strupen/luftrør og nerver, spesielt ved langvarig operasjon. Indikatoren angi andel av pasienter som har svart ja på spørsmålet «Har du etter operasjonen hatt vedvarende problemer med stemmen din (for eksempel heshet/svak stemme?»',	8),
('nakke3',	NULL,	1,	'Sårinfeksjon, 3 måneder etter nakkekirurgi',	'Komplinfek',	'andel',	NULL,	NULL,	NULL,	NULL,	0.020,	0.020,	0,	'Sårinfeksjon etter alle typer nakkekirurgi.',	'Sårinfeksjon er sjelden etter nakkekirurgi med fremre tilgang, men hyppigere ved bakre tilgang (hudåpning bak i nakken). Årsakene er komplekse og kan henge sammen med pasientens alder, allmenntilstand og bruk av medisiner. Lang operasjonstid, bruk av forebyggende antibiotika og hygienetiltak kan være av betydning. Figuren viser andel pasienter som har svart ja på følgende spørsmål: «Ble du behandlet med antibiotika for overfladisk sårinfeksjon i operasjonssåret de første 4 ukene etter operasjonen» og «Har du blitt eller blir du behandlet i over 6 uker med antibiotika for dyp infeksjon i operasjonssåret?» Pasienter som er operert med fremre eller bakre tilgang har svart.',	8),
('nakke4',	NULL,	1,	'NDI-endring, 12 måneder etter nakkekirurgi',	'NDIendr12mnd35pstKI',	'andel',	NULL,	NULL,	NULL,	NULL,	0.700,	0.700,	1,	'NDI-endring, 12 måneder etter fremre nakkekirurgi (hudåpning på halsen).',	'Inkluderer pasienter både med og uten myelopati.',	8),
('nger_dekgrad',	NULL,	1,	'Dekningsgrad',	'nger_DekGrad',	'andel',	NULL,	NULL,	NULL,	NULL,	0.800,	0.600,	1,	'Dekningsgraden angir hvor fullstendig registeret er, det vil si hvor stor andel av de endoskopiske inngrepene utført ved gynekologiske avdelingen i Norge som er registret i NGER.',	'For at dataene i registeret skal være nyttige er det avgjørende at dekningsgraden er høy. En god dekningsgrad er en forutsetning for å vurdere kvaliteten ved de endoskopiske inngrepene hos gynekologiske pasienter ved norske sykehus.',	7),
('nger_kompl_intra_hys',	NULL,	1,	'Hysteroskopi: Komplikasjoner under operasjone',	'nger_KomplIntraHys',	'andel',	NULL,	NULL,	NULL,	NULL,	0.020,	0.040,	0,	'Forekomsten av komplikasjoner ved hysteroskopiske inngrep.',	'Variabelen omfatter komplikasjoner som inntreffer under inngrepet. Det er definert følgende årsaker til komplikasjonene: tilgang, teknisk, perforasjon, blødning og fluid overload.',	7),
('nger_kompl_intra_lap',	NULL,	1,	'Laparoskopi: Komplikasjoner under operasjone',	'nger_KomplIntraLap',	'andel',	NULL,	NULL,	NULL,	NULL,	0.020,	0.040,	0,	'Forekomsten av komplikasjoner ved gynekologiske laparoskopiske inngrep.',	'Variabelen omfatter komplikasjoner som inntreffer under inngrepet. Det er definert komplikasjons årsaker i form av uterusmanipulator, tilgang, hjelpeinnstikk, intraabdominell, teknisk/utstyr og postoperativ. Sistnevnte innebærer komplikasjoner umiddelbart etter avslutning av inngrepet før pasienten er blitt flyttet til postoperativ avdeling.',	7),
('nger_kompl_postop_hys',	NULL,	1,	'Hysteroskopi: Pasientrapporterte komplikasjoner etter operasjon',	'nger_KomplPostopHys',	'andel',	NULL,	NULL,	NULL,	NULL,	0.003,	0.006,	0,	'Forekomsten av middels og alvorlige komplikasjoner etter gynekologiske hysteroskopiske inngrep.',	'Komplikasjoner etter operasjonen, såkalt postoperative komplikasjoner, deles i 4 kategorier avhengig av alvorlighetsgrad: Lite alvorlig, middels alvorlig, alvorlig og dødelig. De lite alvorlige gir ingen varige men, men en form for behandling er nødvendig. Dette dreier seg gjerne om mindre sårinfeksjoner og urinveisinfeksjoner som ofte behandles i regi av pasientens fastlege.  De middels alvorlige komplikasjonene innebærer behov for reinnleggelse og eventuelt behov reoperasjon, men gir ingen varige men. De alvorlige komplikasjonene er truende for livet eller gir varige men utover et operasjonsarr.  Kvalitetsindikatoren omfatter kun kategoriene middels alvorlig og alvorlig. På samme måte som ved laparoskopi er det infeksjonene som står for det største volumet av postoperative komplikasjoner etter hysteroskopi. Fordelingen videre med blødning og organskade tilsvarer også bildet ved laparoskopi. Det totale omfanget av komplikasjoner ved hysteroskopi er imidlertid betydelig mindre enn ved laparoskopi.',	7),
('nger_kompl_postop_lap',	NULL,	1,	'Laparoskopi: Pasientrapporterte komplikasjoner etter operasjon',	'nger_KomplPostopLap',	'andel',	NULL,	NULL,	NULL,	NULL,	0.025,	0.050,	0,	'Forekomsten av middels alvorlige og alvorlige komplikasjoner etter gynekologiske laparoskopiske inngrep.',	'Komplikasjoner etter en operasjon, såkalt postoperative komplikasjoner, deles i 4 kategorier avhengig av alvorlighetsgrad: Lite alvorlig, middels alvorlig, alvorlig og dødelig. De lite alvorlige gir ingen varige men, men en form for behandling er nødvendig. Dette dreier seg gjerne om mindre sårinfeksjoner og urinveisinfeksjoner som ofte behandles i regi av pasientens fastlege. De middels alvorlige komplikasjonene innebærer behov for reinnleggelse og eventuelt behov reoperasjon, men gir ingen varige men. De alvorlige komplikasjonene er truende for livet eller gir varige men utover et operasjonsarr. De dødelige komplikasjonene innebærer et dødelig utfall for pasienten. Kvalitetsindikatoren omfatter kun kategoriene middels alvorlig og alvorlig. Det er infeksjonene som står for det største volumet av de postoperative komplikasjonene. Det er spesielt operasjoner der man fjerner livmor som dominerer i denne gruppen. Videre følger komplikasjoner i form av blødning og dernest organskade.',	7),
('nger_pasient_tilfredshet',	NULL,	1,	'Pasienttilfredshet',	'nger_PasTilfrhet',	'andel',	NULL,	NULL,	NULL,	NULL,	0.900,	0.800,	1,	'Andel pasienter som har positiv eller svært positiv oppfatning av gynekologisk avdeling.',	'NGER bruker spørreskjemaet «Treatment Satisfaction Scale» versjon 2 for å måle pasientens tilfredshet med behandlingen. Grensene for grønt måltall er satt på 90% og 80% for gult måltall.',	7),
('nnrr_bedret_funksjon',	NULL,	1,	'Bedret funksjon',	'Ind2_Bedret funksjon_NNRR',	'andel',	NULL,	NULL,	NULL,	NULL,	0.300,	0.250,	1,	'Klinisk viktig bedring av funksjon fra konsultasjon til etter 6 måneder.',	'Pasienter som vurderes ved poliklinikkene har ofte redusert funksjon i ulike aktiviteter. Denne reduserte funksjonen er oftest knyttet til ryggsmerter. Oswestry-Disability-Index, forkortet ODI, er et spørreskjema som registrerer hvordan smerter påvirker dagliglivet. Det spørres om grad av smerte, og om det er problemer med funksjon på grunne av smerter i forhold til personlig stell, å løfte, å gå, å sitte, å stå, å sove, seksualliv, sosialt liv, å reise. Samlet gir dette en skår mellom 0 og 100 prosent-poeng, hvor 100 er beste funksjon. Basert på forskning vurderes en klinisk viktig endring i funksjon å være 10 prosent-poeng reduksjon eller høyere. En alternativ metode er å vurdere en reduksjon på 30% av skåren ved konsultasjon som klinisk viktig.  Måltallet for kvalitetsindikatorene er at minimum 25% av pasientene får bedret sin funksjon fra konsultasjon til oppfølging etter 6 måneder.',	9),
('nnrr_bedring_av_behandling',	NULL,	1,	'Opplevd bedring av behandling',	'Ind6_Bedring av behandling_NNRR',	'andel',	NULL,	NULL,	NULL,	NULL,	0.500,	0.400,	1,	'Andel pasienter som rapporterer 6 måneder etter konsultasjonen at de er blitt bedre av behandlingen/ vurderingen.',	'Pasientrapportert bedring av behandlingen vurderes som en relevant kvalitetsindikator. Pasientene fyller ut et spørreskjema de får tilsendt 6 måneder etter konsultasjonen. Målet er at 50% av pasientene er blitt litt bedre/ mye bedre eller helt bra av behandlingen. Registreringen er usikker da mange pasienter ikke vurderer konsultasjon/vurdering ved poliklinikk som «behandling». Det er betydelig variasjon mellom sykehusene.        ',	9),
('nnrr_bedring_smerte_aktiv',	NULL,	1,	'Bedring smerte i aktivitet',	'Ind4_1_Bedring smerte_NNRR',	'andel',	NULL,	NULL,	NULL,	NULL,	0.500,	0.400,	1,	'Andel pasienter med klinisk viktig bedring av smerte fra konsultasjon til etter 6 måneder.',	'95% av pasientene har hatt smerter lenger enn 3 måneder, og 45% har hatt smerter i mer enn 2 år. Dessverre er det vanskelig å påvirke langvarige smerter med behandling. Grad av smerte vurderes ved at pasientene selv vurderer smerteintensitet ved å skåre smertegrad på skala fra 0 til 10, hvor 0 er «ingen smerte» og 10 er «verst tenkelige smerter». 20% eller mer reduksjon i smerte-skåren vurderes som klinisk viktig endring av smerteintensitet. Målet er at smerte-reduksjon oppnås av 20% av pasientene 6 måneder etter konsultasjon.',	9),
('nnrr_bedring_smerte_hvile',	NULL,	1,	'Bedring smerte ved hvile',	'Ind4_2_Bedring smerte_NNRR',	'andel',	NULL,	NULL,	NULL,	NULL,	0.500,	0.400,	1,	'Andel pasienter med klinisk viktig bedring av smerte fra konsultasjon til etter 6 måneder.',	'95% av pasientene har hatt smerter lenger enn 3 måneder, og 45% har hatt smerter i mer enn 2 år. Dessverre er det vanskelig å påvirke langvarige smerter med behandling. Grad av smerte vurderes ved at pasientene selv vurderer smerteintensitet ved å skåre smertegrad på skala fra 0 til 10, hvor 0 er «ingen smerte» og 10 er «verst tenkelige smerter». 20% eller mer reduksjon i smerte-skåren vurderes som klinisk viktig endring av smerteintensitet. Målet er at smerte-reduksjon oppnås av 20% av pasientene 6 måneder etter konsultasjon.',	9),
('nnrr_funksjons_nedsettelse',	NULL,	1,	'Andel med minimal funksjonsnedsettelse 6 måneder etter konsultasjon.',	'Ind3_Funksjonsnedsettelse_NNRR',	'andel',	NULL,	NULL,	NULL,	NULL,	0.500,	0.400,	1,	'Andel med minimal funksjonsnedsettelse 6 måneder etter konsultasjon.',	'Pasienter som vurderes ved poliklinikkene har ofte redusert funksjon i ulike aktiviteter. Denne reduserte funksjonen er oftest knyttet til ryggsmerter. Oswestry-Disability-Index, forkortet ODI, er et spørreskjema som registrer hvordan smerter påvirker dagliglivet. Det spørres om grad av smerte, og om det er problemer med funksjon på grunne av smerter i forhold til personlig stell, å løfte, å gå, å sitte, å stå, å sove, seksualliv, sosialt liv, å reise. Samlet gir dette en skår mellom 0 og 100 prosent-poeng, hvor 100 er beste funksjon. En skår på 20 eller lavere vurderes som at pasienten har minimalt redusert funksjon, med liten kliniske betydning.',	9),
('nnrr_jobb',	NULL,	1,	'Tilbake for fullt i jobb',	'Ind5_Jobb_NNRR',	'andel',	NULL,	NULL,	NULL,	NULL,	0.500,	0.400,	1,	'Andel pasienter som var helt eller delvis ute av jobb ved konsultasjon og som er tilbake for fullt etter 6 måneder.',	'Å falle ut av yrkeslivet kan medføre en reduksjon i livskvalitet. Samfunnsøkonomisk er det ønskelig med høy jobb-deltakelse. Å komme tilbake til fullt arbeid i den stillingsprosenten en hadde opprinnelig, er derfor definert som en kvalitetsindikator. For å regnes som tilbake i full jobb skal de ha registrert arbeidsstatus «Inntektsgivende arbeid», samt ha en prosentvis stilling ved oppfølging som er større eller lik den ved inklusjon. Det er små tall og resultatene må tolkes med stor forsiktighet.',	9),
('nnrr_misfornoeyd',	NULL,	1,	'Andel misfornøyde pasienter',	'Ind7_Misfornøyd_NNRR',	'andel',	NULL,	NULL,	NULL,	NULL,	0.100,	0.100,	0,	'Andel pasienter som er misfornøyd med behandlingen de har fått på sykehuset.',	'Det er ønskelig at færrest mulig pasienter er misfornøyde med behandlingen de får. Måltallet er at mindre enn 10% av pasientene rapporterer at de er litt, noe eller meget misfornøyde med behandlingen de har fått.',	9),
('nnrr_tverrfaglig_behandling',	NULL,	1,	'Andel pasienter med tverrfaglig behandling',	'Ind1_Tverrfaglig behandling_NNRR',	'andel',	NULL,	NULL,	NULL,	NULL,	0.300,	0.300,	1,	'Andel pasienter som har mottatt tverrfaglig behandling som del av behandlingstilbudet.',	'Måltallet gjelder tverrfaglig behandling, individuelt eller i gruppe, og er erfaringsbasert. I behandlingen skilles det mellom tverrfaglig vurdering ved konsultasjon og et tilbud om videre tverrfaglig behandling. Mange pasienter avsluttes etter en konsultasjon med spesialistvurdering ved poliklinikken, som kan være enten av lege alene eller tverrfaglig med samarbeid mellom flere yrkesgrupper. Pasienter som får tverrfaglig vurdering ved konsultasjon inngår ikke i denne kvalitetsindikatoren. Poliklinikkene som inngår i Norsk nakke- og ryggregister er organisert med flere ulike faggrupper som kan gi tverrfaglig behandling. Tverrfaglig behandling kan gis til enkeltpasienter eller som gruppetilbud. Fysioterapeuter er sentrale, men også andre faggrupper som leger, ergoterapeuter, sykepleiere og psykologer inngår i varierende grad. En spesialisert nakke- og ryggpoliklinikk bør kunne tilby tverrfaglig behandling til pasienter hvor dette er indisert, og andelen som får et slikt tilbud bør være minst 30% av pasientene.',	9),
('norgast_andel_avdoede_bykspytt_tolv',	NULL,	1,	'Reseksjoner av bukspyttkjertelhode/tolvfingertarm: Andel avdøde',	'ind4_andelavdøde_bykspytt_tolv_NorGast',	'andel',	NULL,	NULL,	NULL,	NULL,	0.050,	0.080,	0,	'Andel pasienter som døde innen 90 dager etter planlagt operasjon.',	NULL,	10),
('norgast_andel_avdoede_lever',	NULL,	1,	'Reseksjoner av lever: Andel avdøde',	'ind5_andelavdøde_lever_NorGast',	'andel',	NULL,	NULL,	NULL,	NULL,	0.030,	0.050,	0,	'Andel pasienter som døde innen 90 dager etter planlagt operasjon.',	NULL,	10),
('norgast_andel_avdoede_magesekk',	NULL,	1,	'Reseksjoner av magesekk (ventrikkel): Andel avdøde',	'ind3_andelavdøde_magesekk_NorGast',	'andel',	NULL,	NULL,	NULL,	NULL,	0.050,	0.080,	0,	'Andel pasienter som døde innen 90 dager etter planlagt operasjon.',	NULL,	10),
('norgast_andel_avdoede_spiseroer',	NULL,	1,	'Reseksjoner av spiserør (øsofagus): Andel avdøde',	'ind2_andelavdøde_spiserør_NorGast',	'andel',	NULL,	NULL,	NULL,	NULL,	0.050,	0.080,	0,	'Andel pasienter som døde innen 90 dager etter planlagt operasjon.',	NULL,	10),
('norgast_kikkhullsteknikk_ lever',	NULL,	1,	'Reseskjoner av lever: Kikkhullsteknikk',	'ind8_kikkhullsteknikk_ lever_NorGast',	'andel',	NULL,	NULL,	NULL,	NULL,	0.300,	0.300,	1,	'Bruk av kikkhullsteknikk (laparoskopi) ved planlagte inngrep.',	'Inngrep utført med kikkhullsteknikk medfører trolig en mindre belastning for pasienten, og en oppnår ofte raskere rekonvalesens og mindre smerter. Ikke alle pasienter og typer operasjonen egner seg for kikkhulls-inngrep, men en minimumsandel kikkhullskirurgi anses å være en kvalitetsindikator for en avdeling. En stor andel av inngrep over hele landet utføres allerede i dag ved hjelp av kikkhullsteknikk, og andelen er stadig økende. For å gjøre sammenligning mellom avdelingene enklest mulig presenteres kun tall for pasienter med godt funksjonsnivå (ECOG <2) og som opereres for ondartet sykdom.',	10),
('norgast_kikkhullsteknikk_endetarm',	NULL,	1,	'Reseksjoner av endetarm (rektum): Kikkhullsteknikk',	'ind10_kikkhullsteknikk_endetarm_NorGast',	'andel',	NULL,	NULL,	NULL,	NULL,	0.700,	0.600,	1,	'Bruk av kikkhullsteknikk (laparoskopi) ved planlagte inngrep.',	'Inngrep utført med kikkhullsteknikk medfører trolig en mindre belastning for pasienten, og en oppnår ofte raskere rekonvalesens og mindre smerter. Ikke alle pasienter og typer operasjonen egner seg for kikkhulls-inngrep, men en minimumsandel kikkhullskirurgi anses å være en kvalitetsindikator for en avdeling. En stor andel av inngrep over hele landet utføres allerede i dag ved hjelp av kikkhullsteknikk, og andelen er stadig økende. For å gjøre sammenligning mellom avdelingene enklest mulig presenteres kun tall for pasienter med godt funksjonsnivå (ECOG <2) og som opereres for ondartet sykdom.',	10),
('norgast_kikkhullsteknikk_tykktarm',	NULL,	1,	'Reseksjoner av tykktarm (kolon): Kikkhullsteknikk',	'ind9_kikkhullsteknikk_tykktarm_NorGast',	'andel',	NULL,	NULL,	NULL,	NULL,	0.700,	0.600,	1,	'Bruk av kikkhullsteknikk (laparoskopi) ved planlagte inngrep.',	'Inngrep utført med kikkhullsteknikk medfører trolig en mindre belastning for pasienten, og en oppnår ofte raskere rekonvalesens og mindre smerter. Ikke alle pasienter og typer operasjonen egner seg for kikkhulls-inngrep, men en minimumsandel kikkhullskirurgi anses å være en kvalitetsindikator for en avdeling. En stor andel av inngrep over hele landet utføres allerede i dag ved hjelp av kikkhullsteknikk, og andelen er stadig økende. For å gjøre sammenligning mellom avdelingene enklest mulig presenteres kun tall for pasienter med godt funksjonsnivå (ECOG <2) og som opereres for ondartet sykdom.',	10),
('norgast_lekkasje_endetarm',	NULL,	1,	'Reseksjoner av endetarm (rektum): Lekkasje fra skjøt (anastomoselekkasje)',	'ind7_lekkasje_endetarm_NorGast',	'andel',	NULL,	NULL,	NULL,	NULL,	0.050,	0.070,	0,	'Andel pasienter som gjennomgikk nytt inngrep for svikt i skjøt (anastomose) innen 30 dager etter primærinngrep. Kun planlagte inngrep er inkluderte.',	'Lekkasje av innhold i tarm ut i bukhulen som følge av svikt i skjøt utløser en alvorlig infeksjonstilstand. Dette er en alvorlig hendelse for pasienten og kan ofte medføre betydelig økt sykelighet, behov for utlagt tarm (stomi), forlenget rekonvalesens og i enkelte tilfeller dødsfall. Andel pasienter hvor slik svikt med lekkasje oppstår er valgt ut som kvalitetsindikator. For å gjøre sammenligning mellom avdelingene enklest mulig presenteres kun tall for pasienter med godt funksjonsnivå (ECOG <2) og som opereres for ondartet sykdom.',	10),
('norgast_lekkasje_tykktarm',	NULL,	1,	'Reseksjoner av tykktarm (kolon): Lekkasje fra skjøt (anastomoselekkasje)',	'ind6_lekkasje_tykktarm_NorGast',	'andel',	NULL,	NULL,	NULL,	NULL,	0.040,	0.060,	0,	'Andel pasienter som gjennomgikk nytt inngrep for svikt i skjøt (anastomose) innen 30 dager etter primærinngrep. Kun planlagte inngrep er inkluderte.',	'Lekkasje av innhold i tarm ut i bukhulen som følge av svikt i skjøt utløser en alvorlig infeksjonstilstand. Dette er en alvorlig hendelse for pasienten og kan ofte medføre betydelig økt sykelighet, behov for utlagt tarm (stomi), forlenget rekonvalesens og i enkelte tilfeller dødsfall. Andel pasienter hvor slik svikt med lekkasje oppstår er valgt ut som kvalitetsindikator. For å gjøre sammenligning mellom avdelingene enklest mulig presenteres kun tall for pasienter med godt funksjonsnivå (ECOG <2) og som opereres for ondartet sykdom.',	10),
('norgast_saarruptur',	NULL,	1,	'Sårruptur',	'ind1_sårruptur_NorGast',	'andel',	NULL,	NULL,	NULL,	NULL,	0.030,	0.040,	0,	'Andel pasienter som gjennomgikk nytt inngrep for ruptur (brist) av lukkingen av bukvegg innen 30 dager etter primærinngrep. Kun pasienter hvor primærinngrepet var planlagt er inkluderte.',	'Resultater for sårruptur presenteres for alle åpne inngrep, alle organgrupper samlet. Inngrep som startes med kikkhullsteknikk hvor en går over til åpent inngrep underveis er også inkluderte. Sårruptur medfører ofte smerter, nytt inngrep i narkose og forlenget sykehusopphold og rekonvalesens for pasienten.',	10),
('noric_bilde_diag',	NULL,	1,	'Bildediagnostikk i venstre hovedstamme',	'noric_bilde_diag',	'andel',	NULL,	NULL,	NULL,	NULL,	0.400,	0.400,	1,	'Andel prosedyrer der det er brukt supplerende bildediagnostiske metoder (IVUS / OCT) for å bedømme grad av innsnevring i venstre hovedstamme ved innsetting av stent.',	'Europeiske retningslinjer anbefaler bruk av tilleggsundersøkelser for å gi supplerende bildeframstilling i tilknytning til utblokking av venstre hovedstamme. Intrakoronar ultralyd (IVUS) og optical coherence tomography (OCT) er metoder som brukes til dette formål. Pasienter som tidligere har fått utført bypass-operasjon og pasienter som blir behandlet for akutt hjerteinfarkt av typen STEMI er ikke medregnet i analysene.  ',	11),
('noric_blodfortynn_med',	NULL,	1,	'Foreskriving av blodfortynnende medisiner',	'noric_blodfortynn_med',	'andel',	NULL,	NULL,	NULL,	NULL,	0.950,	0.950,	1,	'Andel pasienter som har fått foreskrevet anbefalte blodfortynnende medisiner etter utblokking av hjertets kransårer med innsetting av stent.',	'Blodfortynnende medisiner er viktig for å hindre blodproppdannelse. Europeiske retningslinjer anbefaler samtidig bruk av to blodplatehemmere som hovedregel hos pasienter som har fått satt inn stenter. I visse tilfeller kan en av disse erstattes av andre blodfortynnende medikamenter. Indikatoren viser andel pasienter som har fått foreskrevet anbefalte blodfortynnende medikamenter ved utreise etter utblokking av hjertets kransårer med innsetting av stent. ',	11),
('noric_kolesterolsenk_med',	NULL,	1,	'Foreskriving av kolesterolsenkende medisiner',	'noric_kolesterolsenk_med',	'andel',	NULL,	NULL,	NULL,	NULL,	0.900,	0.900,	1,	'Andel av pasienter som har fått foreskrevet anbefalt kolesterolsenkende behandling med statiner etter utblokking av hjertets kransårer med innsetting av stent.',	'Kolesterolsenkende behandling er viktig for å hindre progresjon av kransåresykdom hos pasienter som har fått påvist dette. Europeiske retningslinjer har en sterk anbefaling om kolesterolsenkende behandling, siden dette har vist seg å forhindre hjerteinfarkt og behov for ny utblokking senere. Indikatoren viser andel pasienter som ved utskrivelse har fått foreskrevet anbefalt kolesterolsenkende behandling med statiner etter utblokking av hjertets kransårer med innsetting av stent.',	11),
('noric_nstemi_24t',	NULL,	1,	'Invasiv utredning innen 24 timer ved NSTEMI',	'noric_nstemi_24t',	'andel',	NULL,	NULL,	NULL,	NULL,	0.500,	0.500,	1,	'Andel pasienter med hjerteinfarkt med mindre EKG-forandringer (NSTEMI), som innen 24 timer etter innleggelse i sykehus ble utredet med røntgen av hjertets kransårer.',	'Ved hjerteinfarkt med mindre EKG-forandringer (NSTEMI) er blodåren ofte ikke helt tett, men det er risiko for at den kan bli det. Europeiske retningslinjer anbefaler at pasienter med NSTEMI får utført invasiv utredning med røntgen av hjertets kransårer innen 24 timer etter innleggelse i sykehus, mens en norsk nasjonal kvalitetsindikator anbefaler at dette skjer innen 72 timer. Registeret presenterer data for ventetid innenfor begge disse tidskategoriene. Hvis pasienten overflyttes fra andre sykehus blir tiden fra innleggelse der til utredning lengre, og dette gjør at sykehus med mange overflyttinger får lengre ventetid. I løpet av den tiden registeret har eksistert har det vært en reduksjon i ventetiden ved flere sykehus. Bedringen kan dels tilskrives kvalitetsforbedringsprosjekt og dels økt fokus på kvalitetsindikatoren generelt.',	11),
('noric_nstemi_72t',	NULL,	1,	'Invasiv utredning innen 72 timer ved NSTEMI',	'noric_nstemi_72t',	'andel',	NULL,	NULL,	NULL,	NULL,	0.800,	0.800,	1,	'Andel pasienter med hjerteinfarkt med mindre EKG-forandringer (NSTEMI), som innen 72 timer etter innleggelse i sykehus ble utredet med røntgen av hjertets kransårer. ',	'Ved hjerteinfarkt med mindre EKG-forandringer (NSTEMI) er blodåren ofte ikke helt tett, men det er risiko for at den kan bli det. Europeiske retningslinjer anbefaler at pasienter med NSTEMI får utført invasiv utredning med røntgen av hjertets kransårer innen 24 timer etter innleggelse i sykehus, mens en norsk nasjonal kvalitetsindikator anbefaler at dette skjer innen 72 timer. Registeret presenterer data for ventetid innenfor begge disse tidskategoriene. Hvis pasienten overflyttes fra andre sykehus blir tiden fra innleggelse der til utredning lengre, og dette gjør at sykehus med mange overflyttinger får lengre ventetid. I løpet av den tiden registeret har eksistert har det vært en reduksjon i ventetiden ved flere sykehus. Bedringen kan dels tilskrives kvalitetsforbedringsprosjekt og dels økt fokus på kvalitetsindikatoren generelt.',	11),
('noric_pacemaker',	NULL,	1,	'Pacemakerbehov etter innsetting av aortaklaff',	'noric_pacemaker',	'andel',	NULL,	NULL,	NULL,	NULL,	NULL,	NULL,	0,	'Andel pasienter som har fått permanent pacemaker under sykehusoppholdet etter kateterbasert innsetting av aortaklaff (TAVI).',	'Etter kateterbasert innsetting av aortaklaff (TAVI) kan det oppstå hjerterytmeforstyrrelser som gir behov for permanent pacemaker. Indikatoren angir hvor stor andel av pasientene som etter TAVI har fått operert inn permanent pacemaker under sykehusoppholdet. Lav andel med pacemakerbehov er ønskelig. Ved noen sykehus blir pasientene raskt overflyttet til annet lokalsykehus etter innsetting av hjerteklaff. Dersom behovet for pacemaker melder seg etter overflytting til annet sykehus, vil dette ikke komme fram i datagrunnlaget til registeret og resultatene må tolkes med forsiktighet.  Resultatene viser likevel at det er stor forskjell mellom sykehusene når det gjelder pacemakerbehov. ',	11),
('noric_trykk_maaling',	NULL,	1,	'Trykkmåling ved innsnevringer i kransårene',	'noric_trykk_maaling',	'andel',	NULL,	NULL,	NULL,	NULL,	0.300,	0.300,	1,	'Andel prosedyrer der trykkmåling ble utført for å bedømme grad av innsnevring i kransårene hos pasienter med stabil kransåresykdom.',	'Bruk av trykkmålinger (FFR og iFR) ved innsnevrede kransårer gir nyttig informasjon for å bedømme om en innsnevring er av betydning for blodstrømmen eller ikke og hvorvidt det bør utføres utblokking av åren eller ei. Europeiske retningslinjer har en sterk anbefaling om bruk av nevnte metoder. Indikatoren viser andel prosedyrer hvor trykkmåling har blitt utført ved kransårerøntgen hos pasienter med stabil angina pectoris. Bruk av trykkmålinger varierer mye mellom sykehusene. ',	11),
('norkar_aktual',	NULL,	1,	'Aktualitet',	'ki_DGA',	'andel',	NULL,	NULL,	NULL,	NULL,	0.900,	0.690,	1,	'Antall dager fra utskrivelse til ferdigstilt skjema',	'Antall dager fra utskrivelse til ferdigstilt skjema',	12),
('norkar_anb_med_forsnev_ben',	NULL,	1,	'Anbefalt medikamentbehandling   etter forsnevring av pulsårer i beina',	'ki_K',	'andel',	NULL,	NULL,	NULL,	NULL,	0.850,	0.740,	1,	'Etter behandling for forsnevring av halspulsåren (carotisstenose) bør det startes medikamentell behandling for å forebygge komplikasjoner som hjerneslag eller hjerteinfarkt.',	'Etter behandling for forsnevring av pulsårer i beina bør det startes medikamentell behandling for å forebygge komplikasjoner som hjerneslag eller hjerteinfarkt. Nasjonale og internasjonale retningslinjer beskriver viktigheten av denne type behandling for karkirurgiske pasienter. Kvalitetsindikatoren er definert som andel pasienter mottar resept på kolesterolsenkende medikamenter og platehemmer, eller antikoagulasjon. En årsak til dårlig måloppnåelse er sannsynligvis at det blir registrert ukjent medikamentbruk ved utskrivelse. Dvs at det i NORKAR ikke blir registrer type medikamenter pasienten benytter ved utskrivelse.',	12),
('norkar_anb_med_forsnev_hals',	NULL,	1,	'Anbefalt medikamentbehandling  etter forsnevring av halspulsåren',	'ki_J',	'andel',	NULL,	NULL,	NULL,	NULL,	0.850,	0.740,	1,	'Etter behandling for forsnevring av halspulsåren (carotisstenose) bør det startes medikamentell behandling for å forebygge komplikasjoner som hjerneslag eller hjerteinfarkt.',	'Etter behandling for forsnevring av halspulsåren bør det startes medikamentell behandling for å forebygge komplikasjoner som hjerneslag eller hjerteinfarkt. Nasjonale og internasjonale retningslinjer beskriver viktigheten av denne type behandling for karkirurgiske pasienter. Kvalitetsindikatoren er definert som andel pasienter mottar resept på kolesterolsenkende medikamenter og platehemmer, eller antikoagulasjon. En årsak til dårlig måloppnåelse er sannsynligvis at det blir registrert ukjent medikamentbruk ved utskrivelse. Dvs at det i NORKAR ikke blir registrert type medikamenter pasienten benytter ved utskrivelse.',	12),
('norkar_anb_med_utpos_hoved',	NULL,	1,	'Anbefalt medikamentbehandling etter utposning på hovedpulsåren',	'ki_I',	'andel',	NULL,	NULL,	NULL,	NULL,	0.850,	0.740,	1,	'Etter behandling for utposning på hovedpulsåren bør det startes medikamentell behandling for å forebygge komplikasjoner som hjerneslag eller hjerteinfarkt.',	'Etter behandling for utposning på hovedpulsåren bør det startes medikamentell behandling for å forebygge komplikasjoner som hjerneslag eller hjerteinfarkt. Nasjonale og internasjonale retningslinjer beskriver viktigheten av denne type behandling for karkirurgiske pasienter. Kvalitetsindikatoren er definert som andel pasienter mottar resept på kolesterolsenkende medikamenter og platehemmer, eller antikoagulasjon. En årsak til dårlig måloppnåelse er at det blir registrert ukjent medikamentbruk ved utskrivelse. Dvs at det i NORKAR ikke blir registrert type medikamenter pasienten benytter ved utskrivelse.',	12),
('norkar_dg_forsnev_ben',	NULL,	1,	'Dekningsgrad - forsnevring av pulsårer i beina',	'ki_C',	'andel',	NULL,	NULL,	NULL,	NULL,	0.900,	0.690,	1,	'Andel pasienter med forsnevring av pulsårer i beina (til underekstremitetene) som er registrert i NORKAR og som også er registrert i Basisregisteret(HKR)/ Norskpasientregister.',	'Denne kvalitetsindikatoren er definert som andel pasienter med forsnevring av av pulsårer i beina (til underekstremitetene) som er registrert i NORKAR og som også er registrert i Basisregisteret(HKR)/ Norskpasientregister. Det blir benyttet et sett med kvalifiserende prosedyre og diagnosekoder i beregning av dekningsgrad. Det vil derfor kunne være avvik mellom antall registreringer i NORKAR og antall episoder i dekningsgradsanalysen. Se Årsrapport for mer inngående om prosedyrer.',	12),
('norkar_dg_forsnev_hals',	NULL,	1,	'Dekningsgrad -forsnevring av halspulsåren',	'ki_B',	'andel',	NULL,	NULL,	NULL,	NULL,	0.900,	0.690,	1,	'Andel pasienter med forsnevring av halspulsåren (carotisstenose) som er registrert i NORKAR og som også er registrert i Basisregisteret (HKR)/ Norsk pasientregister.',	'Denne kvalitetsindikatoren er definert som andel pasienter med forsnevring av halspulsåren (carotisstenose) som er registrert i NORKAR og som også er registrert i Basisregisteret(HKR)/ Norskpasientregister. Det blir benyttet et sett med kvalifiserende prosedyre og diagnosekoder i beregning av dekningsgrad. Det vil derfor kunne være avvik mellom antall registreringer i NORKAR og antall episoder i dekningsgradsanalysen. Se Årsrapport for mer inngående om prosedyrer.',	12),
('norkar_dg_utpos_hoved',	NULL,	1,	'Dekningsgrad - utposning på hovedpulsåren',	'ki_A',	'andel',	NULL,	NULL,	NULL,	NULL,	0.900,	0.690,	1,	'Andel pasienter med utposning på hovedpulsåren som er registrert i NORKAR og som også er registrert i Basisregisteret(HKR)/ Norsk pasientregister.',	'Denne kvalitetsindikatoren er definert som andel pasienter med utposning på hovedpulsåren som er registrert i NORKAR og som også er registrert i Basisregisteret(HKR)/ Norskpasientregister.  Det blir benyttet et sett med kvalifiserende prosedyre og diagnosekoder i beregning av dekningsgrad. Det vil derfor kunne være avvik mellom antall registreringer i NORKAR og antall episoder i dekningsgradsanalysen. Se Årsrapport for mer inngående om prosedyrer.',	12),
('norkar_doed_utpos_hoved',	NULL,	1,	'Dødelighet etter utposning på hovedpulsåren',	'ki_D',	'andel',	NULL,	NULL,	NULL,	NULL,	NULL,	NULL,	0,	'Andel pasienter med utposning på hovedpulsåren (AAA) som dør innen 30 dager. Utposningen er intakt.',	'Dødsfall etter behandling er en komplikasjon som er og skal være sjelden, men ved alle kirurgiske inngrep har man en viss fare for komplikasjoner. Denne indikatoren er definert som andel pasienter med utposning på hovedpulsåren (AAA) der utposningen er intakt og har fått gjennomført en operasjon som dør innen 30 dager.  Dødsfall er hentet fra Folkeregisteret. Tolk resultatene med varsomhet. Det er svært få hendelser som ligger til grunn for tallene, noe som medfører en høy grad av tilfeldig variasjon, slik at et behandlingssted som har høy dødelighet blant pasientene ikke nødvendigvis har dårlig behandlingskvalitet. Tall for hele landet tyder på at behandlingen av pasienter med utposning på hovedpulsåren i Norge er av høy kvalitet. Måloppnåelse er ikke definert.',	12),
('norkar_doed_utpos_hoved_EVAR',	NULL,	1,	'Dødelighet etter utposning på hovedpulsåren - EVAR',	'ki_F',	'andel',	NULL,	NULL,	NULL,	NULL,	0.010,	0.020,	0,	'Andel pasienter med utposning på hovedpulsåren (AAA) som dør innen 30 dager. Utposningen er intakt og behandlingen er endovaskulær.',	'Dødsfall etter behandling er en komplikasjon som er og skal være sjelden, men ved alle kirurgiske inngrep har man en viss fare for komplikasjoner. Denne kvalitetsindikatoren er definert som andel pasienter med utposning på hovedpulsåren (AAA) der utposningen er intakt og behandlingen er endovaskulær og som dør innen 30 dager.  Dødsfall er hentet fra Folkeregisteret. Tolk resultatene med varsomhet. Det er svært få hendelser som ligger til grunn for tallene, noe som medfører en høy grad av tilfeldig variasjon, slik at et behandlingssted som har høy dødelighet blant pasientene ikke nødvendigvis har dårlig behandlingskvalitet. Tall for hele landet tyder på at behandlingen av pasienter med utposning på hovedpulsåren i Norge er av høy kvalitet.',	12),
('norkar_doed_utpos_hoved_aapen',	NULL,	1,	'Dødelighet etter utposning på hovedpulsåren - åpen',	'ki_E',	'andel',	NULL,	NULL,	NULL,	NULL,	0.020,	0.050,	0,	'Andel pasienter med utposning på hovedpulsåren (AAA) som dør innen 30 dager. Utposningen er intakt og behandlingen er utført som en åpen operasjon.',	'Dødsfall etter behandling er en komplikasjon som er og skal være sjelden, men ved alle kirurgiske inngrep har man en viss fare for komplikasjoner. Denne kvalitetsindikatoren er definert som andel pasienter med utposning på hovedpulsåren (AAA) der utposningen er intakt og har fått gjennomført en åpen operasjon som dør innen 30 dager.  Lavt målnivå er ønskelig. Dødsfall er hentet fra Folkeregisteret. Tolk resultatene med varsomhet. Det er svært få hendelser som ligger til grunn for tallene, noe som medfører en høy grad av tilfeldig variasjon, slik at et behandlingssted som har høy dødelighet blant pasientene ikke nødvendigvis har dårlig behandlingskvalitet. Tall for hele landet tyder på at behandlingen av pasienter med utposning på hovedpulsåren i Norge er av høy kvalitet.',	12),
('norkar_forsnev_hals_14d',	NULL,	1,	'Behandlet innen 14 dager for forsnevring av halspulsåren',	'ki_H',	'andel',	NULL,	NULL,	NULL,	NULL,	0.800,	0.590,	1,	'Andel pasienter med for forsnevring av halspulsåren (carotisstenose) som mottar behandling for denne tilstanden innen 14 dager.',	'Denne kvalitetsindikatoren er definert som andel pasienter med for forsnevring av halspulsåren (carotisstenose) som mottar behandling for denne tilstanden innen 14 dager etter symptomer. De som har hatt symptomer på hjerneslag, bør undersøkes av lege så snart som mulig etter hendelsen. Målet om rask identifisering og behandling av pasienter med cerebrovaskulære hendelser stiller store krav til logistikken ved sykehusene. Flere faktorer utenfor karkirurgens innflytelse påvirker indikatoren, som for eksempel tid til kontakt med lege og tid til henvisning til spesialist, slik at indikatoren sier noe om helseforetaket klarer å behandle pasienter med symptomatiske stenoser innenfor anbefalt tid. En må også være klar over at det finnes situasjoner hvor retningslinjene anbefaler å vente mer enn 14 dager, for eksempel etter store slag eller ved betydelig utfall, slik at verdien skal ikke være 100 %.',	12),
('norvas_ANCA_ved_debut',	NULL,	1,	'Andel med utført ANCA test ved debut av ANCA assosiert vaskulitt (AAV)',	'ind1_ANCAvdebut_NorVas',	'andel',	NULL,	NULL,	NULL,	NULL,	0.940,	0.940,	1,	'ANCA er en blodprøve som de fleste med AAV har utslag på.',	'ANCA er en blodprøve som måler et antistoff (antinøytrofilt cytoplasma antistoff). Indikatoren viser andel som har fått utført ANCA test i utredningen. Da ANCA test er positiv hos de fleste med AAV og viktig for å stille diagnosen, er det ønskelig med høy måloppnåelse.',	13),
('norvas_andel_ANCA_prednisolon',	NULL,	1,	'Andel pasienter med ANCA assosiert vaskulitt på Prednisolon < 5mg ved 6 mndr',	'ind6_AndelANCA_Prednisolon_NorVas',	'andel',	NULL,	NULL,	NULL,	NULL,	0.590,	0.590,	1,	'Lav prednisolondose, definert som daglig dose 5 mg eller lavere er ønskelig.',	'Prednisolon demper betennelsen og er et viktig medikament ved vaskulitter, men høy prednisolondose gir mye komplikasjoner og bivirkninger. Pasienter behandles med annen immundempende behandling som muliggjør lav prednisolondose.  Høy måloppnåelse er satt til 60% basert på erfaringer nasjonalt og internasjonalt ved dagens behandling. Ved fremtidig behandlingsopplegg kan man forvente at andel på lav prednisolondose bør øke.',	13),
('norvas_andel_ANCA_remisjon',	NULL,	1,	'Andel pasienter med ANCA assosiert vaskulitt som er i remisjon etter 6 mndr',	'ind5_AndelAnCA_remisjon_NorVas',	'andel',	NULL,	NULL,	NULL,	NULL,	0.790,	0.790,	1,	'Remisjon, dvs ingen tegn på aktiv sykdom (BVAS=0) er det primære målet i behandlingen av vaskulitter.',	'I dagens behandling av vaskulitter ønsker man å oppnå rask remisjon. De fleste går i remisjon innen 3 mndr. Denne indikatoren viser andel av pasienter som er i remisjon ved 6 mndr. Høy måloppnåelse er ønskelig.',	13),
('norvas_andel_BVAS',	NULL,	1,	'Andel utfylt skjema for sykdomsaktivitet - BVAS',	'ind3_AndelBVAS_NorVas',	'andel',	NULL,	NULL,	NULL,	NULL,	0.940,	0.940,	1,	'BVAS er et avkrysningsskjema som fylles ut av lege for å registrere hvor aktiv sykdommen i oppfølging av pasienter med ANCA assosierte vaskulitt og gruppen Andre vaskulitter',	'Sykdomsaktivitet skåres ved BVAS (Birmingham Vasculitis Activity Score), et skjema hvor man kysser av for aktivitetstegn i ulike organer i kroppen. Totalt kan man få 63 skår, som betyr at det er alvorlig vaskulittaktivitet i omtrent alle organer i kroppen. Når det ikke er tegn på aktiv sykdom (remisjon) skal skåret være 0. I tillegg skal legen konkludere med en sykdomsvurdering i følgende 5 grupper: Debut (aktiv sykdom), Alvorlig tilbakefall (residiv), Lett tilbakefall (residiv), Persisterende sykdom, Remisjon (uten tegn på aktiv sykdom). Debut, alvorlig residiv og lett residiv regnes som aktiv sykdom som trenger intensivert behandling. Persisterende sykdom kan gjenspeile lavgradig lengrevarende aktivitet, men betyr oftest at pasienten er i bedring etter igangsatt behandling, men ennå ikke kommet i remisjon. Indikatoren viser andelen som har utfylt BVAS ved hver oppfølging.',	13),
('norvas_andel_Kerr',	NULL,	1,	'Andel utfylt Kerr ved hver oppfølging av pasienter med storkarsvaskulitt',	'ind4_AndelKerr_NorVas',	'andel',	NULL,	NULL,	NULL,	NULL,	0.790,	0.790,	1,	'Andel utfylt Kerr ved hver oppfølging av pasienter med storkarsvaskulitt.',	'I Kerr skjema er det 4 vurderinger som gjøres for å måle sykdomsaktivitet. Et skår på 2 eller mer betyr aktiv sykdom.  Ved aktiv sykdom kreves intensivering av den medikamentelle behandlingen, og er et hjelpemiddel for behandlende spesialist. Indikatoren viser andel utfylt Kerr ved hver oppfølging.',	13),
('norvas_andel_minimum_2oppf',	NULL,	1,	'Andelen med minimum 2 oppfølginger pr. år',	'ind2_Andelminimum_2oppf_NorVas',	'andel',	NULL,	NULL,	NULL,	NULL,	0.790,	0.790,	1,	'Vaskulitter er alvorlige og langvarige sykdommer som bør ha jevnlig oppfølging av spesialist.',	'Vaskulitter er alvorlige og langvarige sykdommer som varierer i sykdomsaktivitet. Pasienter behandles med immundempende medisiner. Det kan oppstå komplikasjoner og skadeutvikling både som følge av sykdommen og behandlingen. Dette krever jevnlig oppfølging av behandlende spesialist. Indikatoren viser andel av pasienter som har minimum 2 slike kontroller årlig.',	13),
('norvas_andel_storvas_prednisolon',	NULL,	1,	'Andel pasienter med storkarsvaskulitt på Prednisolon < 7,5mg ved 6 mndr',	'ind7_Andelstorvas_Prednisolon_NorVas',	'andel',	NULL,	NULL,	NULL,	NULL,	0.590,	0.590,	1,	'Lav prednisolondose, definert som daglig dose på 7,5mg eller lavere er ønskelig.',	'Høy prednisolondose gir mye komplikasjoner og bivirkninger, men prednisolon er fortsatt det viktigste medikamentet i behandlingen av storkarsvaskulitter.  Høy måloppnåelse er satt til 60% basert på erfaringer nasjonalt og internasjonalt ved dagens behandling. Ved fremtidig behandlingsopplegg med annen immundempende behandling kan man forvente at andel på lav prednisolondose vil øke.',	13),
('nra_50pst_lekkasjeredusjon',	NULL,	1,	'Testprosedyre sakral nervemodulering (SNM)',	'ind1_50pstlekkasjeredusjon',	'andel',	NULL,	NULL,	NULL,	NULL,	0.700,	0.700,	1,	'Andel pasienter med ? 50% reduksjon av lekkasje i testperiode.',	'Operasjon med sakral nervemodulering (SNM) innebærer tradisjonelt at pasientene går i en 3 ukers SNM-testperiode. Før og under test-perioden fyller pasientene ut dagbok der de registrer antall episoder med avføringslekkasje, hastverksepisoder for å nå toalettet, antall avføringer og hvor mange dager de opplever lekkasje. Dersom det er reduksjon på lekkasjeepisoder på >50% regner man testen som positiv og pasienten tilbys permanent implantasjon av stimulator. I enkelte tilfeller tilbys pasienten implantasjon på andre kriterier, som blant annet kraftig forbedring av hastverk. Indikatoren påvirkes av pasientutvalg og operasjonsteknikk. >70 % av alle testet bør ha positiv test.',	14),
('nra_stmarks_12_1aar_sfinkt',	NULL,	1,	'St. Mark’s Inkontinensskår ?12 etter operasjon med sfinkterplastikk',	'ind10_stmarks_12_1aar_sfinkt',	'andel',	NULL,	NULL,	NULL,	NULL,	0.500,	0.500,	1,	'Andel pasienter med symptomskår ?12 av 24 mulige poeng 1 år etter operasjon.',	'St. Mark’s inkontinensskår er en modifikasjon av Wexner inkontinensskår, og er et av de mest brukte skåringverktøyene for å få et objektivt mål på grad av anal inkontinens. Wexner skår går fra 0-20, mens St. Mark’s fra 0-24, der 0 representerer komplett kontinens (ingen lekkasje), og 20/24 fullstendig inkontinens. En Wexner eller St. Mark’s skår på 9 eller mindre etter behandling, er ansett å være av klinisk signifikant betydning og assosiert med økt livskvalitet. Fagrådet i NRA har definert følgende kvalitetsmål for resultatindikator St. Mark’s og Wexner: 30% av pasientene skal ha en St. Mark’s eller Wexner skår på 9 eller mindre, 1 og 5 år etter operasjon. 50% av pasienten skal ha en St. Mark’s eller Wexner skår på 12 eller mindre, 1 og 5 år etter operasjon. Pasienter med preskår under henholdsvis 9 og 12 er ekskludert fra de respektive analysene.',	14),
('nra_stmarks_12_1aar_snm',	NULL,	1,	'St. Mark’s Inkontinensskår ?12 etter operasjon med SNM',	'ind6_stmarks_12_1aar_snm',	'andel',	NULL,	NULL,	NULL,	NULL,	0.500,	0.500,	1,	'Andel pasienter med symptomskår ?12 av 24 mulige poeng 1 år etter operasjon.',	'St. Mark’s inkontinensskår er en modifikasjon av Wexner inkontinensskår, og er et av de mest brukte skåringverktøyene for å få et objektivt mål på grad av anal inkontinens. Wexner skår går fra 0-20, mens St. Mark’s fra 0-24, der 0 representerer komplett kontinens (ingen lekkasje), og 20/24 fullstendig inkontinens. En Wexner eller St. Mark’s skår på 9 eller mindre etter behandling, er ansett å være av klinisk signifikant betydning og assosiert med økt livskvalitet. Fagrådet i NRA har definert følgende kvalitetsmål for resultatindikator St. Mark’s og Wexner: 30% av pasientene skal ha en St. Mark’s eller Wexner skår på 9 eller mindre, 1 og 5 år etter operasjon. 50% av pasienten skal ha en St. Mark’s eller Wexner skår på 12 eller mindre, 1 og 5 år etter operasjon. Pasienter med preskår under henholdsvis 9 og 12 er ekskludert fra de respektive analysene.',	14),
('nra_stmarks_12_5aar_sfinkt',	NULL,	1,	'St. Mark’s Inkontinensskår ?12 etter operasjon med sfinkterplastikk',	'ind11_stmarks_12_5aar_sfinkt',	'andel',	NULL,	NULL,	NULL,	NULL,	0.500,	0.500,	1,	'Andel pasienter med symptomskår ?12 av 24 mulige poeng 5 år etter operasjon.',	'St. Mark’s inkontinensskår er en modifikasjon av Wexner inkontinensskår, og er et av de mest brukte skåringverktøyene for å få et objektivt mål på grad av anal inkontinens. Wexner skår går fra 0-20, mens St. Mark’s fra 0-24, der 0 representerer komplett kontinens (ingen lekkasje), og 20/24 fullstendig inkontinens. En Wexner eller St. Mark’s skår på 9 eller mindre etter behandling, er ansett å være av klinisk signifikant betydning og assosiert med økt livskvalitet. Fagrådet i NRA har definert følgende kvalitetsmål for resultatindikator St. Mark’s og Wexner: 30% av pasientene skal ha en St. Mark’s eller Wexner skår på 9 eller mindre, 1 og 5 år etter operasjon. 50% av pasienten skal ha en St. Mark’s eller Wexner skår på 12 eller mindre, 1 og 5 år etter operasjon. Pasienter med preskår under henholdsvis 9 og 12 er ekskludert fra de respektive analysene.',	14),
('nra_stmarks_12_5aar_snm',	NULL,	1,	'St. Mark’s Inkontinensskår ?12 etter operasjon med SNM',	'ind7_stmarks_12_5aar_snm',	'andel',	NULL,	NULL,	NULL,	NULL,	0.500,	0.500,	1,	'Andel pasienter med symptomskår ?12 av 24 mulige poeng  5 år etter operasjon.',	'St. Mark’s inkontinensskår er en modifikasjon av Wexner inkontinensskår, og er et av de mest brukte skåringverktøyene for å få et objektivt mål på grad av anal inkontinens. Wexner skår går fra 0-20, mens St. Mark’s fra 0-24, der 0 representerer komplett kontinens (ingen lekkasje), og 20/24 fullstendig inkontinens. En Wexner eller St. Mark’s skår på 9 eller mindre etter behandling, er ansett å være av klinisk signifikant betydning og assosiert med økt livskvalitet. Fagrådet i NRA har definert følgende kvalitetsmål for resultatindikator St. Mark’s og Wexner:  30% av pasientene skal ha en St. Mark’s eller Wexner skår på 9 eller mindre, 1 og 5 år etter operasjon. 50% av pasienten skal ha en St. Mark’s eller Wexner skår på 12 eller mindre, 1 og 5 år etter operasjon. Pasienter med preskår under henholdsvis 9 og 12 er ekskludert fra de respektive analysene.',	14),
('nra_stmarks_9_1aar_sfinkt',	NULL,	1,	'St. Mark’s Inkontinensskår ?9 etter operasjon med sfinkterplastikk',	'ind8_stmarks_9_1aar_sfinkt',	'andel',	NULL,	NULL,	NULL,	NULL,	0.300,	0.300,	1,	'Andel pasienter med symptomskår ?9 av 24 mulige poeng 1 år etter operasjon.',	'St. Mark’s inkontinensskår er en modifikasjon av Wexner inkontinensskår, og er et av de mest brukte skåringverktøyene for å få et objektivt mål på grad av anal inkontinens. Wexner skår går fra 0-20, mens St. Mark’s fra 0-24, der 0 representerer komplett kontinens (ingen lekkasje), og 20/24 fullstendig inkontinens. En Wexner eller St. Mark’s skår på 9 eller mindre etter behandling, er ansett å være av klinisk signifikant betydning og assosiert med økt livskvalitet. Fagrådet i NRA har definert følgende kvalitetsmål for resultatindikator St. Mark’s og Wexner:  30% av pasientene skal ha en St. Mark’s eller Wexner skår på 9 eller mindre, 1 og 5 år etter operasjon. 50% av pasienten skal ha en St. Mark’s eller Wexner skår på 12 eller mindre, 1 og 5 år etter operasjon. Pasienter med preskår under henholdsvis 9 og 12 er ekskludert fra de respektive analysene.',	14),
('nra_stmarks_9_1aar_snm',	NULL,	1,	'St. Mark’s Inkontinensskår ?9 etter operasjon med SNM',	'ind4_stmarks_9_1aar_snm',	'andel',	NULL,	NULL,	NULL,	NULL,	0.300,	0.300,	1,	'Andel pasienter med symptomskår ?9 av 24 mulige poeng 1 år etter operasjon.',	'St. Mark’s inkontinensskår er en modifikasjon av Wexner inkontinensskår, og er et av de mest brukte skåringverktøyene for å få et objektivt mål på grad av anal inkontinens. Wexner skår går fra 0-20, mens St. Mark’s fra 0-24, der 0 representerer komplett kontinens (ingen lekkasje), og 20/24 fullstendig inkontinens. En Wexner eller St. Mark’s skår på 9 eller mindre etter behandling, er ansett å være av klinisk signifikant betydning og assosiert med økt livskvalitet. Fagrådet i NRA har definert følgende kvalitetsmål for resultatindikator St. Mark’s og Wexner: 30% av pasientene skal ha en St. Mark’s eller Wexner skår på 9 eller mindre, 1 og 5 år etter operasjon. 50% av pasienten skal ha en St. Mark’s eller Wexner skår på 12 eller mindre, 1 og 5 år etter operasjon. Pasienter med preskår under henholdsvis 9 og 12 er ekskludert fra de respektive analysene.',	14),
('nra_stmarks_9_5aar_sfinkt',	NULL,	1,	'St. Mark’s Inkontinensskår ?9 etter operasjon med sfinkterplastikk',	'ind9_stmarks_9_5aar_sfinkt',	'andel',	NULL,	NULL,	NULL,	NULL,	0.300,	0.300,	1,	'Andel pasienter med symptomskår ?9 av 20 mulige poeng  5 år etter operasjon.',	'St. Mark’s inkontinensskår er en modifikasjon av Wexner inkontinensskår, og er et av de mest brukte skåringverktøyene for å få et objektivt mål på grad av anal inkontinens. Wexner skår går fra 0-20, mens St. Mark’s fra 0-24, der 0 representerer komplett kontinens (ingen lekkasje), og 20/24 fullstendig inkontinens. En Wexner eller St. Mark’s skår på 9 eller mindre etter behandling, er ansett å være av klinisk signifikant betydning og assosiert med økt livskvalitet. Fagrådet i NRA har definert følgende kvalitetsmål for resultatindikator St. Mark’s og Wexner:  30% av pasientene skal ha en St. Mark’s eller Wexner skår på 9 eller mindre, 1 og 5 år etter operasjon. 50% av pasienten skal ha en St. Mark’s eller Wexner skår på 12 eller mindre, 1 og 5 år etter operasjon. Pasienter med preskår under henholdsvis 9 og 12 er ekskludert fra de respektive analysene.',	14),
('nra_stmarks_9_5aar_snm',	NULL,	1,	'St. Mark’s Inkontinensskår ?9 etter operasjon med SNM',	'ind5_stmarks_9_5aar_snm',	'andel',	NULL,	NULL,	NULL,	NULL,	0.300,	0.300,	1,	'Andel pasienter med symptomskår ?9 av 24 mulige poeng  5 år etter operasjon.',	'St. Mark’s inkontinensskår er en modifikasjon av Wexner inkontinensskår, og er et av de mest brukte skåringverktøyene for å få et objektivt mål på grad av anal inkontinens. Wexner skår går fra 0-20, mens St. Mark’s fra 0-24, der 0 representerer komplett kontinens (ingen lekkasje), og 20/24 fullstendig inkontinens. En Wexner eller St. Mark’s skår på 9 eller mindre etter behandling, er ansett å være av klinisk signifikant betydning og assosiert med økt livskvalitet. Fagrådet i NRA har definert følgende kvalitetsmål for resultatindikator St. Mark’s og Wexner: 30% av pasientene skal ha en St. Mark’s eller Wexner skår på 9 eller mindre, 1 og 5 år etter operasjon. 50% av pasienten skal ha en St. Mark’s eller Wexner skår på 12 eller mindre, 1 og 5 år etter operasjon. Pasienter med preskår under henholdsvis 9 og 12 er ekskludert fra de respektive analysene.',	14),
('nra_saarinfeksjon',	NULL,	1,	'Sårinfeksjon etter sakral nervemodulering  (SNM)',	'ind3_saarinfeksjon',	'andel',	NULL,	NULL,	NULL,	NULL,	0.040,	0.040,	0,	'Bekreftet sårinfeksjon innen 30 dager etter implantasjon av stimulator.',	'Sårinfeksjon er sjeldent ved SNM, men kan alltid forekomme ved implantasjoner. Årsakene er komplekse og kan henge sammen med pasientens alder, allmenntilstand og bruk av medisiner. Lang operasjonstid, komplikasjoner, bruk av forebyggende antibiotika og hygienetiltak kan være av betydning. Indikatoren angir andel pasienter som har fått bekreftet sårinfeksjon innen 30 dager etter prosedyre.',	14),
('nra_ultralyd',	NULL,	1,	'Gradering av skade på lukkemuskel før operasjon',	'ind2_ultralyd',	'andel',	NULL,	NULL,	NULL,	NULL,	0.950,	0.950,	1,	'95% skal ha gjennomgått ultralydvurdering for å kartlegge omfang av skade.',	'Ultralyd er gullstandard for å kartlegge om det foreligger skade på lukkemuskel, samt omfanget av en eventuell skade. Dette er en viktig prosessindikator som er med på å sikre at rett intervensjon tilbys til rett pasient.',	14),
('nra_wexner_12_1aar_snm',	NULL,	1,	'Wexner Inkontinensskår ?12 etter operasjon med SNM',	'ind13_wexner_12_1aar_snm',	'andel',	NULL,	NULL,	NULL,	NULL,	0.500,	0.500,	1,	'Andel pasienter med symptomskår ?12 av 20 mulige poeng 1 år etter operasjon.',	'St. Mark’s inkontinensskår er en modifikasjon av Wexner inkontinensskår, og er et av de mest brukte skåringverktøyene for å få et objektivt mål på grad av anal inkontinens. Wexner skår går fra 0-20, mens St. Mark’s fra 0-24, der 0 representerer komplett kontinens (ingen lekkasje), og 20/24 fullstendig inkontinens. En Wexner eller St. Mark’s skår på 9 eller mindre etter behandling, er ansett å være av klinisk signifikant betydning og assosiert med økt livskvalitet. Fagrådet i NRA har definert følgende kvalitetsmål for resultatindikator St. Mark’s og Wexner: 30% av pasientene skal ha en St. Mark’s eller Wexner skår på 9 eller mindre, 1 og 5 år etter operasjon. 50% av pasienten skal ha en St. Mark’s eller Wexner skår på 12 eller mindre, 1 og 5 år etter operasjon. Pasienter med preskår under henholdsvis 9 og 12 er ekskludert fra de respektive analysene.',	14),
('nra_wexner_9_1aar_snm',	NULL,	1,	'Wexner Inkontinensskår ?9 etter operasjon med SNM',	'ind12_wexner_9_1aar_snm',	'andel',	NULL,	NULL,	NULL,	NULL,	0.300,	0.300,	1,	'Andel pasienter med symptomskår ?9 av 20 mulige poeng 1 år etter operasjon.',	'St. Mark’s inkontinensskår er en modifikasjon av Wexner inkontinensskår, og er et av de mest brukte skåringverktøyene for å få et objektivt mål på grad av anal inkontinens. Wexner skår går fra 0-20, mens St. Mark’s fra 0-24, der 0 representerer komplett kontinens (ingen lekkasje), og 20/24 fullstendig inkontinens. En Wexner eller St. Mark’s skår på 9 eller mindre etter behandling, er ansett å være av klinisk signifikant betydning og assosiert med økt livskvalitet. Fagrådet i NRA har definert følgende kvalitetsmål for resultatindikator St. Mark’s og Wexner: 30% av pasientene skal ha en St. Mark’s eller Wexner skår på 9 eller mindre, 1 og 5 år etter operasjon. 50% av pasienten skal ha en St. Mark’s eller Wexner skår på 12 eller mindre, 1 og 5 år etter operasjon. Pasienter med preskår under henholdsvis 9 og 12 er ekskludert fra de respektive analysene.',	14),
('rygg_durarift_prolaps',	NULL,	1,	'Rift i ryggmargshinnen (durarift) ved prolapskirurgi',	'ind5_Durarift_prolaps_Rygg',	'andel',	NULL,	NULL,	NULL,	NULL,	0.020,	0.020,	0,	'Komplikasjon rapportert av kirurg under sykehusoppholdet.',	'Dette er oftest en ufarlig komplikasjon, men kan medføre smerter, ubehag og lengre liggetid på sykehus. I noen tilfeller må pasienten opereres på nytt på grunn av væskelekkasje fra såret. Unntaksvis kan også nerveskade og alvorlig infeksjon forekomme. Kun pasienter som ikke er operert i ryggen tidligere er med i analysen.',	15),
('rygg_durarift_stenose',	NULL,	1,	'Rift i ryggmargshinnen (durarift) ved spinal stenose kirurgi',	'ind6_Durarift_stenose_Rygg',	'andel',	NULL,	NULL,	NULL,	NULL,	0.030,	0.030,	0,	'Komplikasjon rapportert av kirurg under sykehusoppholdet.',	'Dette er oftest en ufarlig komplikasjon, men kan medføre smerter, ubehag og lengre liggetid på sykehus. I noen tilfeller må pasienten opereres på nytt på grunn av væskelekkasje fra såret. Unntaksvis kan også nerveskade og alvorlig infeksjon forekomme. Kun pasienter som ikke er operert i ryggen tidligere er med i analysen.',	15),
('rygg_lav_bensmerte_prolaps',	NULL,	1,	'Grad av utstrålende smerter (til ben) før prolapskirurgi',	'ind2_lav_bensmerte_prolaps_Rygg',	'andel',	NULL,	NULL,	NULL,	NULL,	0.030,	0.030,	0,	'Lite utstrålende smerter (mindre enn 3 på en skala fra 0- 10 (max.)). Rapportert av pasient før operasjon.',	'Gevinst av ryggkirurgi henger sammen med hvor streng indikasjonsstillingen («inngangsbilletten» til kirurgi) har vært. Pasienter som har mye plager, vil kunne forvente størst nytte av operasjon, mens de som har lite plager har mindre utsikter til forbedring. Hvis pasienten har lite smerter før operasjon (utstrålende smerter mindre eller lik 3 av 10 på en smerteskala), er det også risiko for at pasienten faktisk blir verre etter operasjon. Pasienter med lammelse (parese) er tatt ut av analysen, da de ofte må opereres uansett hvor mye smerter de har.',	15),
('rygg_saarinfeksjon_prolaps',	NULL,	1,	'Sårinfeksjon etter prolapskirurg',	'ind3_Saarinfeksjon_prolaps_Rygg',	'andel',	NULL,	NULL,	NULL,	NULL,	0.020,	0.020,	0,	'Gjelder både dyp og overfladisk infeksjon. Rapportert av pasient 3 måneder etter operasjon.',	'Årsakene til sårinfeksjoner er komplekse og kan henge sammen med flere forhold. Pasientens alder, almenntilstand og bruk av medisiner, lang operasjonstid, tekniske forhold vedrørende kirurgi og hygienetiltak kan være av betydning. Forekomsten vil aldri kunne bli null. For prolaps kirurgi har andelen sårinfeksjoner se senere år ligget stabilt rundt 2-3 % på landsbasis. Ved 3 måneders etterkontroll svarer pasientene selv på to spørsmål for å kartlegge om de har hatt sårinfeksjon: \'\'Ble du behandlet med antibiotika for overfladisk sårinfeksjon i operasjonssåret i løpet av de 4 første ukene etter operasjonen?\" og \'\'Har du blitt eller blir du behandlet i over 6 uker med antibiotika for dyp infeksjon i operasjonssåret?\'\'',	15),
('rygg_saarinfeksjon_stenose',	NULL,	1,	'Sårinfeksjon etter spinal stenose kirurgi',	'ind4_Saarinfeksjon_stenose_Rygg',	'andel',	NULL,	NULL,	NULL,	NULL,	0.030,	0.030,	0,	'Gjelder både dyp og overfladisk infeksjon. Rapportert av pasient 3 måneder etter operasjon.',	'Årsakene til sårinfeksjoner er komplekse og kan henge sammen med flere forhold. Pasientens alder, almenntilstand og bruk av medisiner, lang operasjonstid, tekniske forhold vedrørende kirurgi og hygienetiltak kan være av betydning. Forekomsten vil aldri kunne bli null. For spinal stenose kirurgi har andel sårinfeksjoner de senere år ligget stabilt rundt 3-4 % på landsbasis. Ved 3 måneders etterkontroll svarer pasientene selv på to spørsmål for å kartlegge om de har hatt sårinfeksjon: \'\'Ble du behandlet med antibiotika for overfladisk sårinfeksjon i operasjonssåret i løpet av de 4 første ukene etter operasjonen?\" og \'\'Har du blitt eller blir du behandlet i over 6 uker med antibiotika for dyp infeksjon i operasjonssåret?\'\'',	15),
('rygg_varighet_bensmerter',	NULL,	1,	'Varighet av utstrålende smerter (til ben) før prolapskirurgi',	'ind1_Varighet_bensemerter_Rygg',	'andel',	NULL,	NULL,	NULL,	NULL,	0.200,	0.200,	0,	'Utstrålende smerter mer enn 1 år før prolapskirurgi. Rapportert av pasient før operasjon.',	'I nasjonale retningslinjer (2007) er det anbefalt å operere pasienter for skiveprolaps før utstrålende smerter har vart for lenge, helst innen ett år. Dette samsvarer godt med nyere rapporter og forskning fra NKR.  Derfor bør denne pasientgruppen håndteres raskt og effektivt når beslutning om operasjon er tatt og ikke-kirurgisk behandling har vært forsøkt. Lang varighet av utstrålende smerter før operasjon kan blant annet skyldes lange ventetider hos fastlege og poliklinikk samt lav operasjonskapasitet på sykehuset',	15);

INSERT INTO `nation` (`orgnr`, `full_name`, `short_name`) VALUES
(1,	'Nasjonalt',	'Nasjonalt');

INSERT INTO `rhf` (`orgnr`, `full_name`, `short_name`, `nation_orgnr`) VALUES
(999,	'Private',	'Private',	1),
(883658752,	'HELSE NORD RHF',	'Helse Nord RHF',	1),
(983658725,	'HELSE VEST RHF',	'Helse Vest RHF',	1),
(983658776,	'HELSE MIDT-NORGE RHF',	'Helse Midt-Norge RHF',	1),
(991324968,	'HELSE SØR-ØST RHF',	'Helse Sør-Øst RHF',	1);

INSERT INTO `hf` (`orgnr`, `full_name`, `short_name`, `rhf_orgnr`) VALUES
(816085292,	'VOLVAT MEDISINSKE SENTER NORD OG MIDT-NORGE AS',	'Private sykehus',	999),
(883971752,	'SUNNAAS SYKEHUS HF',	'Sunnaas HF',	991324968),
(883974832,	'ST. OLAVS HOSPITAL HF',	'St. Olavs HF',	983658776),
(893140832,	'STIFTELSEN BARNAS FYSIOTERAPISENTER',	'Private sykehus',	999),
(894166762,	'VESTRE VIKEN HF',	'Vestre Viken HF',	991324968),
(914491908,	'COLOSSEUMKLINIKKEN MEDISINSKE SENTER AS',	'Private sykehus',	999),
(915378404,	'SYKEHUSET OSLO ØST AS',	'Private sykehus',	999),
(922716552,	'BETANIEN SYKEHUS AS',	'Betanien',	983658725),
(924291370,	'EEG LABORATORIET AS',	'Private sykehus',	999),
(940190738,	'LANDSFORENINGEN FOR HJERTE OG LUNGESYKE',	'Private sykehus',	999),
(943545634,	'ALERIS HELSE AS',	'Private sykehus',	999),
(953164701,	'VOLVAT MEDISINSKE SENTER AS',	'Private sykehus',	999),
(965985166,	'LOVISENBERG DIAKONALE SYKEHUS AS',	'Lovisenberg HF',	991324968),
(980693732,	'MEDI 3 RINGVOLL KLINIKKEN AS',	'Private sykehus',	999),
(982791952,	'DIAKONHJEMMET SYKEHUS AS',	'Diakonhjemmet HF',	991324968),
(983971636,	'AKERSHUS UNIVERSITETSSYKEHUS HF',	'Akershus HF',	991324968),
(983971709,	'SYKEHUSET INNLANDET HF',	'Innlandet HF',	991324968),
(983971768,	'SYKEHUSET ØSTFOLD HF',	'Østfold HF',	991324968),
(983974678,	'HELSE STAVANGER HF',	'Stavanger HF',	983658725),
(983974694,	'HELSE FONNA HF',	'Fonna HF',	983658725),
(983974724,	'HELSE BERGEN HF',	'Bergen HF',	983658725),
(983974732,	'HELSE FØRDE HF',	'Førde HF',	983658725),
(983974791,	'HELSE NORD-TRØNDELAG HF',	'Nord-Trøndelag HF',	983658776),
(983974880,	'FINNMARKSSYKEHUSET HF',	'Finnmark HF',	883658752),
(983974899,	'UNIVERSITETSSYKEHUSET NORD-NORGE HF',	'UNN HF',	883658752),
(983974910,	'NORDLANDSSYKEHUSET HF',	'Nordland HF',	883658752),
(983974929,	'HELGELANDSSYKEHUSET HF',	'Helgeland HF',	883658752),
(983975240,	'SØRLANDET SYKEHUS HF',	'Sørlandet HF',	991324968),
(983975259,	'SYKEHUSET I VESTFOLD HF',	'Vestfold HF',	991324968),
(983975267,	'SYKEHUSET TELEMARK HF',	'Telemark HF',	991324968),
(984027737,	'HARALDSPLASS DIAKONALE SYKEHUS AS',	'Haraldsplass HF',	983658725),
(985962170,	'MARTINA HANSENS HOSPITAL AS',	'Martina Hansens hospital',	991324968),
(986106839,	'HAUGESUND SANITETSFORENINGS REVMATISMESYKEHUS AS',	'Haugesund sanitet',	983658725),
(993467049,	'OSLO UNIVERSITETSSYKEHUS HF',	'OUS HF',	991324968),
(997005562,	'HELSE MØRE OG ROMSDAL HF',	'Møre og Romsdal HF',	983658776),
(999238351,	'NIMI AS',	'Private sykehus',	999);

INSERT INTO `hospital` (`orgnr`, `full_name`, `short_name`, `hf_orgnr`) VALUES
(813381192,	'ALERIS SYKEHUS HINNA PARK',	'Aleris Hinna Park',	943545634),
(817178782,	'MEDI 3 RINGVOLL KLINIKKEN AS AVD KIRURGI HOBØL',	'Medi 3 Hobøl',	980693732),
(821265002,	'VOLVAT MEDISINSKE SENTER AS LILLEHAMMER',	'Volvat Lillehammer',	953164701),
(821847052,	'UNIVERSITETSSYKEHUSET NORD-NORGE HF AVD STORSLETT- SOMATIKK',	'Tromsø',	983974899),
(873862122,	'STAVANGER UNIVERSITETSSJUKEHUS KLINIKK FOR HODE HALS OG REHABILITE AVD FOR REHABILITERING',	'Stavanger',	983974678),
(874044342,	'HELGELANDSSYKEHUSET HF BRØNNØYSUND SOMATIKK',	'Sandnessjøen',	983974929),
(874606162,	'VESTRE VIKEN HF HALLINGDAL SJUKESTUGU',	'Ringerike',	894166762),
(874631752,	'SYKEHUSET INNLANDET HF HABILITERING OG REHABILITERING OTTESTAD',	'Ottestad',	983971709),
(874632562,	'SYKEHUSET INNLANDET HF LILLEHAMMER - SOMATIKK',	'Lillehammer',	983971709),
(874716782,	'OSLO UNIVERSITETSSYKEHUS HF RIKSHOSPITALET - SOMATIKK',	'Rikshospitalet',	993467049),
(874743372,	'HELSE BERGEN HF KYSTHOSPITALET I HAGEVIK',	'Kysthospitalet i Hagevik',	983974724),
(879595762,	'ALERIS SYKEHUS DRAMMEN',	'Aleris Drammen',	943545634),
(879790522,	'ALERIS SYKEHUS MARKEN',	'Aleris Marken',	943545634),
(899643992,	'SYKEHUSET I VESTFOLD HF, SOMATIKK, TØNSBERG - SOLVANG',	'Tønsberg',	983975259),
(912011135,	'MEDI 3 RINGVOLL KLINIKKEN AS AVD OSLO',	'Medi 3 Oslo',	980693732),
(912419223,	'VOLVAT MEDISINSKE SENTER AS OSLO - SENTRUM',	'Volvat Oslo sentrum',	953164701),
(912777294,	'HELSE MØRE OG ROMSDAL HF SEKSJON VAKSENHABILITERING ÅLESUND',	'Ålesund',	997005562),
(913461223,	'ST OLAVS HOSPITAL HF REHABILITERING OG HABILITERING FYSIKALSK MEDISIN ØYA',	'St. Olavs',	883974832),
(914356199,	'SUNNAAS SYKEHUS HF NESODDEN POLIKLINIKK',	'Sunnaas',	883971752),
(914607493,	'COLOSSEUMKLINIKKEN MEDISINSKE SENTER AS',	'Colosseum',	914491908),
(915411223,	'SYKEHUSET OSLO ØST AS',	'Sykehuset Oslo Øst',	915378404),
(915621457,	'ST OLAVS HOSPITAL HF SPESIALISTPOLIKLINIKKEN ØRLANDET',	'Ørland',	883974832),
(915789528,	'VOLVAT MEDISINSKE SENTER AS NORDNORSK HUDLEGESENTER',	'Nordnorsk Hudlegesenter',	953164701),
(916126611,	'HELSE MØRE OG ROMSDAL HF SEKSJON FOR HABILITERING BARN OG UNGE ÅLESUND',	'Ålesund',	997005562),
(918289593,	'VOLVAT MEDISINSKE SENTER AS MOSS',	'Volvat Moss',	953164701),
(918341463,	'VOLVAT MEDISINSKE SENTER AS VOLVAT STOKKAN TRONDHEIM',	'Volvat Stokkan',	953164701),
(919729333,	'ALERIS HELSE AS AVD ÅLESUND',	'Aleris Ålesund',	943545634),
(919749547,	'VOLVAT MEDISINSKE SENTER AS BERGEN-ÅSANE',	'Volvat Åsane',	953164701),
(920196357,	'ST OLAVS HOSPITAL HF REHABILITERING ØRLANDET',	'Ørland',	883974832),
(920248829,	'LHL SYKEHUSET GARDERMOEN',	'LHL Gardermoen',	940190738),
(921837755,	'UNIVERSITETSSYKEHUSET NORD-NORGE HF AVD BARDU- SOMATIKK',	'Tromsø',	983974899),
(921837798,	'UNIVERSITETSSYKEHUSET NORD-NORGE HF AVD FINNSNES- SOMATIKK',	'Tromsø',	983974899),
(922748144,	'BETANIEN SYKEHUS AS',	'Betanien',	922716552),
(924325305,	'BETANIEN SYKEHUS AS LABORATORIE- OG RØNTGENSENTER',	'Betanien',	922716552),
(971937548,	'EEG LABORATORIET AS',	'EEG Lab',	924291370),
(972140295,	'NIMI AS AVD NIMI',	'NIMI',	999238351),
(972149519,	'ALERIS SYKEHUS ROSENBORGKLINIKKEN',	'Aleris Rosenborgklinikken',	943545634),
(973129856,	'VOLVAT MEDISINSKE SENTER AS OSLO - MAJORSTUEN',	'Volvat Majorstuen',	953164701),
(973129864,	'VOLVAT MEDISINSKE SENTER AS HAMAR',	'Volvat Hamar',	953164701),
(973144383,	'LHL-KLINIKKENE FEIRING',	'LHL Feiring',	940190738),
(973156829,	'HAUGESUND SANITETSFORENINGS REVMATISMESYKEHUS',	'Haugesund sanitet',	986106839),
(973254782,	'ST OLAVS HOSPITAL HF REHABILITERING OG HABILITERING TRONDSLETTEN HABILITERINGSSENTER',	'St. Olavs',	883974832),
(973923811,	'HELSE BERGEN HF HABLITERINGSTENESTA FOR VAKSNE',	'Haukeland',	983974724),
(974116588,	'MARTINA HANSENS HOSPITAL SYKEHUSET',	'Martina Hansens hospital',	985962170),
(974116650,	'SYKEHUSET INNLANDET HF HABILITERING OG REHABILITERING FURNES',	'Habiliteringstjenesten i Hedmark',	983971709),
(974116804,	'DIAKONHJEMMET SYKEHUS SOMATIKK',	'Diakonhjemmet',	982791952),
(974117002,	'SYKEHUSET I VESTFOLD HF, SYKELIG OVERVEKT OG HABILITERINGSAV TØNSBERG - SOLVANG',	'Habilitering Solvang',	983975259),
(974183749,	'VOLVAT MEDISINSKE SENTER AS FREDRIKSTAD',	'Volvat Fredrikstad',	953164701),
(974207532,	'LOVISENBERG DIAKONALE SYKEHUS',	'Lovisenberg',	965985166),
(974285959,	'FINNMARKSSYKEHUSET HF SOMATIKK - KARASJOK',	'Hammerfest',	983974880),
(974316285,	'HARALDSPLASS DIAKONALE SYKEHUS AS',	'Haraldsplass',	984027737),
(974329506,	'ST OLAVS HOSPITAL HF ORKDAL SJUKEHUS',	'Orkdal',	883974832),
(974504863,	'ALERIS SYKEHUS SOLSIDEN',	'Aleris Solsiden',	943545634),
(974518821,	'ALERIS SYKEHUS NESTTUN',	'Aleris Nesttun',	943545634),
(974557169,	'HELSE BERGEN HF REHABILITERINGSKLINIKKEN',	'Haukeland',	983974724),
(974557746,	'HELSE BERGEN HF HAUKELAND UNIVERSITETSSJUKEHUS',	'Haukeland',	983974724),
(974568209,	'SYKEHUSET TELEMARK HF HABILTERINGSSEKSJONEN FOR BARN OG UNGE',	'Skien',	983975267),
(974568225,	'SYKEHUSET TELEMARK HF TELEMARK REHABILITERINGSSENTER',	'Nordagutu',	983975267),
(974575396,	'SYKEHUSET I VESTFOLD HF, FYSIKALSK MEDISIN OG REHABILITERING STAVERN - KYSTHOSPITALET',	'Rehabilitering Kysthospitalet Stavern',	983975259),
(974577054,	'HELSE MØRE OG ROMSDAL HF KLINIKK FOR REHABILITERING AURE REHABILITERINGSSENTER',	'Aure rehabiliteringssenter',	997005562),
(974577216,	'HELSE MØRE OG ROMSDAL HF KLINIKK FOR REHABILITERING MORK REHABILITERINGSSENTER',	'Mork Rehabiliteringssenter',	997005562),
(974588951,	'OSLO UNIVERSITETSSYKEHUS HF AKER - SOMATIKK',	'Aker',	993467049),
(974589087,	'OSLO UNIVERSITETSSYKEHUS HF OSLO LEGEVAKT',	'Oslo legevakt',	993467049),
(974589095,	'OSLO UNIVERSITETSSYKEHUS HF ULLEVÅL - SOMATIKK',	'Ullevål',	993467049),
(974589214,	'SUNNAAS SYKEHUS HF NESODDEN',	'Sunnaas',	883971752),
(974595214,	'SØRLANDET SYKEHUS HF SOMATIKK FLEKKEFJORD',	'Flekkefjord',	983975240),
(974595230,	'SØRLANDET SYKEHUS HF REHABILITERING KONGSGÅRD',	'Kristiansand',	983975240),
(974606305,	'VESTRE VIKEN HF HABILITERINGSSENTERET DRAMMEN',	'Drammen',	894166762),
(974624680,	'STAVANGER UNIVERSITETSSJUKEHUS BARNE- OG UNGDOMSHABILITERING HABU STAVANGER',	'Stavanger',	983974678),
(974631091,	'SØRLANDET SYKEHUS HF SOMATIKK ARENDAL',	'Arendal',	983975240),
(974631326,	'VESTRE VIKEN HF DRAMMEN SYKEHUS - SOMATIKK',	'Drammen',	894166762),
(974631385,	'VESTRE VIKEN HF KONGSBERG SYKEHUS - SOMATIKK',	'Kongsberg',	894166762),
(974631407,	'VESTRE VIKEN HF RINGERIKE SYKESHUS - SOMATIKK',	'Ringerike',	894166762),
(974631768,	'SYKEHUSET INNLANDET HF ELVERUM - SOMATIKK',	'Elverum',	983971709),
(974631776,	'AHUS KONGSVINGER SOMATIKK',	'Kongsvinger',	983971636),
(974632535,	'SYKEHUSET INNLANDET HF GJØVIK - SOMATIKK',	'Gjøvik',	983971709),
(974632543,	'SYKEHUSET INNLANDET HF HABILITERING OG REHABILITERING GRANHEIM LUNGESYKEHUS',	'Granheim',	983971709),
(974633159,	'SYKEHUSET TELEMARK HF NOTODDEN - SOMATIKK',	'Notodden',	983975267),
(974633191,	'SYKEHUSET TELEMARK HF SKIEN - SOMATIKK',	'Skien',	983975267),
(974633221,	'SYKEHUSET TELEMARK HF PORSGRUNN - SOMATIKK',	'Skien',	983975267),
(974633558,	'SYKEHUSET I VESTFOLD HF, SOMATIKK, LARVIK',	'Larvik',	983975259),
(974633574,	'SYKEHUSET I VESTFOLD HF, SOMATIKK, TØNSBERG',	'Tønsberg',	983975259),
(974633655,	'SYKEHUSET ØSTFOLD HF ASKIM - SOMATIKK',	'Askim',	983971768),
(974633698,	'SYKEHUSET ØSTFOLD HF MOSS - SOMATIKK',	'Moss',	983971768),
(974633752,	'SYKEHUSET ØSTFOLD HF KALNES - SOMATIKK',	'Kalnes',	983971768),
(974703300,	'STAVANGER UNIVERSITETSSJUKEHUS SOMATIKK VÅLAND',	'Stavanger',	983974678),
(974703327,	'STAVANGER UNIVERSITETSSJUKEHUS MOTTAKSKLINIKKEN',	'Egersund',	983974678),
(974703769,	'SYKEHUSET ØSTFOLD HF HABILITERINGSTJENESTEN',	'Sarpsborg',	983971768),
(974705192,	'AHUS SKI SOMATIKK',	'Ski',	983971636),
(974705761,	'OSLO UNIVERSITETSSYKEHUS HF SPESIALSYKEHUSET FOR EPILEPSI SSE - SOMATIKK',	'Spesialsykehuset for epilepsi (SSE)',	993467049),
(974705788,	'VESTRE VIKEN HF BÆRUM SYKEHUS - SOMATIKK',	'Bærum',	894166762),
(974706490,	'AHUS NORDBYHAGEN SOMATIKK',	'Ahus',	983971636),
(974707152,	'OSLO UNIVERSITETSSYKEHUS HF RADIUMHOSPITALET - SOMATIKK',	'Radiumhospitalet',	993467049),
(974724774,	'HELSE FONNA HF HAUGESUND SJUKEHUS',	'Haugesund',	983974694),
(974724960,	'SYKEHUSET INNLANDET HF HAMAR - SOMATIKK',	'Hamar',	983971709),
(974725215,	'SYKEHUSET INNLANDET HF TYNSET - SOMATIKK',	'Tynset',	983971709),
(974728230,	'OSLO UNIVERSITETSSYKEHUS HF GEILOMO BARNESYKEHUS',	'Geilomo',	993467049),
(974733013,	'SØRLANDET SYKEHUS HF SOMATIKK KRISTIANSAND',	'Kristiansand',	983975240),
(974737779,	'BETANIEN SPESIALISTPOLIKLINIKK DAGKIRURGISK AVDELING',	'Betanien',	922716552),
(974742985,	'HELSE FONNA HF STORD SJUKEHUS',	'Stord',	983974694),
(974743086,	'HELSE FONNA HF ODDA SJUKEHUS',	'Odda',	983974694),
(974743272,	'HELSE BERGEN HF VOSS SJUKEHUS',	'Voss',	983974724),
(974743914,	'HELSE FØRDE HF FLORØ POLIKLINIKK',	'Florø',	983974732),
(974744570,	'HELSE FØRDE HF FØRDE SENTRALSJUKEHUS',	'Førde',	983974732),
(974745089,	'HELSE FØRDE HF LÆRDAL SJUKEHUS',	'Lærdal',	983974732),
(974745364,	'HELSE FØRDE HF NORDFJORD SJUKEHUS',	'Nordfjord',	983974732),
(974745569,	'HELSE MØRE OG ROMSDAL HF MOLDE SJUKEHUS - SOMATIKK',	'Molde',	997005562),
(974746948,	'HELSE MØRE OG ROMSDAL HF KRISTIANSUND SJUKEHUS - SOMATIKK',	'Kristiansund',	997005562),
(974747138,	'HELSE MØRE OG ROMSDAL HF ÅLESUND SJUKEHUS - SOMATIKK',	'Ålesund',	997005562),
(974747545,	'HELSE MØRE OG ROMSDAL HF VOLDA SJUKEHUS - SOMATIKK',	'Volda',	997005562),
(974749025,	'ST OLAVS HOSPITAL HF UNIVERSITETSSYKEHUSET I TRONDHEIM',	'St. Olavs',	883974832),
(974749505,	'ST OLAVS HOSPITAL HF RØROS SYKEHUS',	'Røros',	883974832),
(974749815,	'ST OLAVS HOSPITAL HF REHABILITERING OG HABILITERING FYSIKALSK MEDISIN LIAN',	'St. Olavs',	883974832),
(974753898,	'HELSE NORD-TRØNDELAG HF SOMATIKK - NAMSOS',	'Namsos',	983974791),
(974754118,	'HELSE NORD-TRØNDELAG HF SOMATIKK - LEVANGER',	'Levanger',	983974791),
(974795361,	'NORDLANDSSYKEHUSET HF SOMATIKK - BODØ',	'Bodø',	983974910),
(974795396,	'UNIVERSITETSSYKEHUSET NORD-NORGE HF NARVIK - SOMATIKK',	'Narvik',	983974899),
(974795477,	'HELGELANDSSYKEHUSET HF SANDNESSJØEN - SOMATIKK',	'Sandnessjøen',	983974929),
(974795485,	'HELGELANDSSYKEHUSET HF MOSJØEN SOMATIKK/ADMINISTRASJON',	'Mosjøen',	983974929),
(974795515,	'HELGELANDSSYKEHUSET HF MO I RANA - SOMATIKK',	'Mo i Rana',	983974929),
(974795558,	'NORDLANDSSYKEHUSET HF SOMATIKK - GRAVDAL',	'Lofoten',	983974910),
(974795574,	'NORDLANDSSYKEHUSET HF SOMATIKK - STOKMARKNES',	'Vesterålen',	983974910),
(974795639,	'UNIVERSITETSSYKEHUSET NORD-NORGE HF HARSTAD - SOMATIKK',	'Harstad',	983974899),
(974795787,	'UNIVERSITETSSYKEHUSET NORD-NORGE HF TROMSØ - SOMATIKK',	'Tromsø',	983974899),
(974795833,	'FINNMARKSSYKEHUSET HF HAMMERFEST SYKEHUS',	'Hammerfest',	983974880),
(974795930,	'FINNMARKSSYKEHUSET HF KIRKENES SYKEHUS',	'Kirkenes',	983974880),
(974798379,	'SYKEHUSET TELEMARK HF RJUKAN - SOMATIKK',	'Rjukan',	983975267),
(975298744,	'OSLO UNIVERSITETSSYKEHUS HF OLAFIAKLINIKKEN',	'Olafiaklinikken',	993467049),
(975326136,	'SYKEHUSET INNLANDET HF HABILITERING OG REHABILITERING HABILITERINGSTJENESTEN I OPPLAND',	'Lillehammer',	983971709),
(975787419,	'ALERIS SYKEHUS FROGNER',	'Aleris Frogner',	943545634),
(976248570,	'HELSE FONNA HF HAUGESUND SJUKEHUS REHABILITERING',	'Haugesund',	983974694),
(976343506,	'VOLVAT MEDISINSKE SENTER AS BERGEN - LAGUNEN',	'Volvat Lagunen',	953164701),
(979873190,	'FINNMARKSSYKEHUSET HF SOMATIKK ALTA',	'Hammerfest',	983974880),
(981096363,	'ALERIS SYKEHUS AGDER',	'Aleris Agder',	943545634),
(981541499,	'ALERIS SYKEHUS COLLOSSEUM NOBEL',	'Aleris Colosseum Nobel',	943545634),
(982755999,	'VOLVAT MEDISINSKE SENTER NORD OG MIDT-NORGE AS AVD STOKKAN',	'Volvat Stokkan',	816085292),
(983084478,	'VOLVAT MEDISINSKE SENTER NORD OG MIIDT-NORGE AS AVD TROMSØ',	'Volvat Tromsø',	816085292),
(983896383,	'ALERIS SYKEHUS COLOSSEUM STAVANGER',	'Aleris Colosseum Stavanger',	943545634),
(983971652,	'AKER UNIVERSITETSSYKEHUS HF, utgått 29.12.2009',	'Aker',	993467049),
(983974155,	'SYKEHUSET TELEMARK HF KRAGERØ - SOMATIKK',	'Kragerø',	983975267),
(984038135,	'HELSE MØRE OG ROMSDAL HF SEKSJON VAKSENHABILITERING MOLDE',	'Molde',	997005562),
(990240116,	'VOLVAT MEDISINSKE SENTER AS BERGEN - ULRIKSDAL',	'Volvat Ulriksdalen',	953164701),
(993198846,	'STIFTELSEN BARNAS FYSIOTERAPISENTER',	'Barnas fysioterapisenter',	893140832),
(993240184,	'ALERIS SYKEHUS TROMSØ',	'Aleris Tromsø',	943545634),
(993562718,	'NORDLANDSSYKEHUSET HF HABILITERING/REHAB - BODØ',	'Bodø',	983974910),
(993573159,	'NORDLANDSSYKEHUSET HF HABILITERING/REHAB - GRAVDAL',	'Lofoten',	983974910),
(994869736,	'SUNNAAS SYKEHUS HF AKER POLKLINIKK',	'Sunnaas',	883971752),
(994958682,	'HELSE NORD-TRØNDELAG HF SYKEHUSET LEVANGER - REHABILITERING',	'Levanger',	983974791),
(994974270,	'HELSE NORD-TRØNDELAG HF SYKEHUSET NAMSOS - REHABILITERING',	'Namsos',	983974791),
(995111209,	'LHL-KLINIKKENE BERGEN',	'LHL Bergen',	940190738),
(995413388,	'ST OLAVS HOSPITAL HF REHABILITERING OG HABILITERING HYSNES HELSEFORT',	'Hysnes helsefort',	883974832),
(995818728,	'ALERIS SYKEHUS BODØ',	'Aleris Bodø',	943545634),
(996328112,	'HELSE FONNA HF STORD SJUKEHUS REHABILITERING',	'Stord',	983974694),
(996663191,	'HELSE BERGEN HF RADIOLOGISK AVDELING RADIOLOGI HAUKELAND',	'Haukeland',	983974724),
(996722201,	'NORDLANDSSYKEHUSET HF VESTERÅLEN DPS HABILITERING/REHAB - STOKMARKNES',	'Vesterålen',	983974910),
(996891216,	'SØRLANDET SYKEHUS HF REHABILITERING ARENDAL',	'Arendal',	983975240),
(997512189,	'HELSE BERGEN HF SEKSJON FOR BEHANDLINGSHJELPEMIDLER MEDISINSK-TEKNISK AVD HAUKELAND',	'Haukeland',	983974724);
